Country Name,Country Code,Series Name,Series Code,1960 [YR1960],1961 [YR1961],1962 [YR1962],1963 [YR1963],1964 [YR1964],1965 [YR1965],1966 [YR1966],1967 [YR1967],1968 [YR1968],1969 [YR1969],1970 [YR1970],1971 [YR1971],1972 [YR1972],1973 [YR1973],1974 [YR1974],1975 [YR1975],1976 [YR1976],1977 [YR1977],1978 [YR1978],1979 [YR1979],1980 [YR1980],1981 [YR1981],1982 [YR1982],1983 [YR1983],1984 [YR1984],1985 [YR1985],1986 [YR1986],1987 [YR1987],1988 [YR1988],1989 [YR1989],1990 [YR1990],1991 [YR1991],1992 [YR1992],1993 [YR1993],1994 [YR1994],1995 [YR1995],1996 [YR1996],1997 [YR1997],1998 [YR1998],1999 [YR1999],2000 [YR2000],2001 [YR2001],2002 [YR2002],2003 [YR2003],2004 [YR2004],2005 [YR2005],2006 [YR2006],2007 [YR2007],2008 [YR2008],2009 [YR2009],2010 [YR2010],2011 [YR2011],2012 [YR2012],2013 [YR2013],2014 [YR2014],2015 [YR2015],2016 [YR2016],2017 [YR2017],2018 [YR2018],2019 [YR2019],2020 [YR2020],2021 [YR2021],2022 [YR2022],2023 [YR2023]
Afghanistan,AFG,"Inflation, consumer prices (annual %)",FP.CPI.TOTL.ZG,..,..,..,..,..,..,..,..,..,..,..,..,..,..,..,..,..,..,..,..,..,..,..,..,..,..,..,..,..,..,..,..,..,..,..,..,..,..,..,..,..,..,..,..,..,12.6862687216715,6.78459655001657,8.68057078513405,26.4186641547445,-6.81116108898993,2.17853752389414,11.8041858089129,6.44121280934117,7.38577178397855,4.67399603536305,-0.66170916471352,4.38389195513893,4.97595150553892,0.626149149168983,2.30237251516819,..,..,..,..
Afghanistan,AFG,"Unemployment, total (% of total labor force) (modeled ILO estimate)",SL.UEM.TOTL.ZS,..,..,..,..,..,..,..,..,..,..,..,..,..,..,..,..,..,..,..,..,..,..,..,..,..,..,..,..,..,..,..,7.946,7.94,7.961,7.98,7.967,7.941,7.92,7.941,7.953,7.955,7.958,7.939,7.922,7.914,7.914,7.918,7.908,7.92,7.914,7.914,7.916,7.909,7.919,7.915,9.011,10.1,11.184,11.206,11.224,11.71,11.934,14.1,14.386
Afghanistan,AFG,GDP growth (annual %),NY.GDP.MKTP.KD.ZG,..,..,..,..,..,..,..,..,..,..,..,..,..,..,..,..,..,..,..,..,..,..,..,..,..,..,..,..,..,..,..,..,..,..,..,..,..,..,..,..,..,-9.43197406761324,28.600001161665,8.83227780288267,1.41411799339429,11.2297148272859,5.35740324748592,13.8263195471281,3.92498381999467,21.3905283926492,14.3624414710737,0.426354776777345,12.7522870926697,5.60074465863221,2.72454336219565,1.45131466066431,2.26031420279821,2.6470032027451,1.18922812944517,3.91160341625552,-2.35110067203466,-20.7388393676343,-6.24017199240269,..
Afghanistan,AFG,"Government expenditure on education, total (% of GDP)",SE.XPD.TOTL.GD.ZS,..,..,..,..,..,..,..,..,..,..,..,1.16035997867584,1.11717998981476,1.42788004875183,..,1.30332005023956,..,..,..,1.7398099899292,1.84092998504639,1.90917003154755,1.72997999191284,..,..,..,..,..,..,..,..,..,..,..,..,..,..,..,..,..,..,..,..,..,..,..,4.68476057052612,4.17489528656006,4.38367223739624,4.81063985824585,3.4794499874115,3.4620099067688,2.60419988632202,3.45445990562439,3.69521999359131,3.2558000087738,4.54397010803223,4.34319019317627,..,..,..,..,..,..
Afghanistan,AFG,"School enrollment, secondary (% net)",SE.SEC.NENR,..,..,..,..,..,..,..,..,..,..,..,..,..,..,8.39304,..,..,..,..,..,..,..,..,..,..,..,..,..,..,..,..,..,..,14.51242,..,..,..,..,..,..,..,..,..,..,..,..,..,26.55995,..,..,..,..,..,46.1909,46.0584,45.43273,46.6585,48.44288,50.1407,..,..,..,..,..
Afghanistan,AFG,"Literacy rate, adult total (% of people ages 15 and above)",SE.ADT.LITR.ZS,..,..,..,..,..,..,..,..,..,..,..,..,..,..,..,..,..,..,..,18.1576805114746,..,..,..,..,..,..,..,..,..,..,..,..,..,..,..,..,..,..,..,..,..,..,..,..,..,..,..,..,..,..,..,31.4488506317139,..,..,..,..,..,..,..,..,..,37.266040802002,..,..
Burkina Faso,BFA,"Inflation, consumer prices (annual %)",FP.CPI.TOTL.ZG,7.78816199376884,18.5621387281079,1.67590956140175,5.57420282915096,1.84512319774997,-0.730252522661404,2.36410601983339,-4.33375390856906,-0.28671368777001,9.65552935762118,1.77260331451337,2.06121817995229,-2.92335655867958,7.60389036254305,8.71960945428422,18.7569466058634,-8.40071877820545,29.9861042997141,8.26914007214047,14.9934659503595,12.2026364968298,7.55570560440939,12.0597652081337,8.15376277420429,4.84695768186083,6.90605782140467,-2.61174292476783,-2.68178423511596,4.25561601785942,-0.481798715203334,-0.504303388918912,2.16260052713421,-1.99113580736892,0.553455723541917,25.1778762249963,7.45884497828324,6.09780439121741,2.31869062176685,5.08433344145323,-1.07261362759534,-0.304212168486803,5.00743290822373,2.17569480664608,2.03456574053815,-0.400228702115452,6.41504018369684,2.3331085637222,-0.230627306273038,10.6597978997424,2.60817666368315,-0.764230734676758,2.75976724854523,3.818152402524,0.533738507090536,-0.258089517535384,0.724838981070517,0.441041448058902,1.48299897161325,1.95594302672523,-3.2333893398333,1.88443993781991,3.65353287214209,14.2902354303358,0.742910428668841
Burkina Faso,BFA,"Unemployment, total (% of total labor force) (modeled ILO estimate)",SL.UEM.TOTL.ZS,..,..,..,..,..,..,..,..,..,..,..,..,..,..,..,..,..,..,..,..,..,..,..,..,..,..,..,..,..,..,..,2.468,2.505,2.432,2.58,2.532,2.448,2.414,2.44,2.55,2.681,2.742,2.855,2.78,3.475,4,3.67,3.3,3.497,3.715,3.723,3.827,3.852,4.055,4.254,4.468,4.594,4.66,4.695,4.701,4.985,5.11,5.348,5.293
Burkina Faso,BFA,GDP growth (annual %),NY.GDP.MKTP.KD.ZG,..,4.04392797754925,6.12879878024506,-1.26801637269189,2.28281922375837,3.76454538063129,0.537613083660716,8.82331497485367,3.07077393782897,2.02608104052698,0.117019610679606,1.4133398815319,2.31149874156277,0.449327404480641,8.28642648036377,2.99838289707345,8.53489496068103,0.370353563662789,4.60782499965684,3.66462151207865,0.796878878579221,4.25530339455582,9.56219662181179,0.345984740208507,-1.77869668772937,8.51736499112322,7.9553627287484,-0.236336789143323,5.79559296458005,2.15026727173506,-0.602928477580988,9.06998445877436,0.232710761845951,3.46138493945818,1.31500727210265,5.71637386269622,11.014743869558,6.31683473483768,7.30771963496896,7.39523780111931,1.88847388906525,6.61340574539679,4.35296382988099,7.80249388870359,4.47845213670386,8.66187322841225,6.25316468817478,4.11137901761516,5.79999174105387,2.96195085866692,8.44628157707625,6.62256261306693,6.45267237953146,5.79258484509867,4.32684561452976,3.9212287937935,5.95797670754024,6.20348941121868,6.60456906812341,5.8892049704591,2.01077262411845,6.93915524675779,1.77791543778547,2.96018001322078
Burkina Faso,BFA,"Government expenditure on education, total (% of GDP)",SE.XPD.TOTL.GD.ZS,..,..,..,..,..,..,..,..,..,..,..,..,..,..,..,..,..,..,1.67982995510101,..,1.9617999792099,..,..,1.75448000431061,..,1.76396000385284,..,..,1.42607998847961,..,..,..,..,..,3.45110011100769,..,1.44026005268097,..,..,..,..,..,..,..,..,3.94113993644714,3.98218989372253,4.07983016967773,..,..,3.50222992897034,3.98515009880066,3.60315990447998,4.08343982696533,4.05329990386963,3.67008996009827,..,5.62846994400024,5.488609790802,5.40700006484985,5.15100002288818,5.22399997711182,5.27699995040894,..
Burkina Faso,BFA,"School enrollment, secondary (% net)",SE.SEC.NENR,..,..,..,..,..,..,..,..,..,..,..,..,..,..,..,..,..,..,..,..,..,..,..,2.46756,..,2.99355,3.50964,..,..,5.27344,..,..,6.67478,6.8609,6.86524,..,..,..,..,8.63831,..,7.98013,..,9.48721,10.55512,11.39514,12.2104,12.92052,14.773,15.822,16.48295,18.46052,19.74492,21.66185,..,26.53378,28.10485,29.14227,31.00148,..,..,..,..,..
Burkina Faso,BFA,"Literacy rate, adult total (% of people ages 15 and above)",SE.ADT.LITR.ZS,..,..,..,..,..,..,..,..,..,..,..,..,..,..,..,8.83022975921631,..,..,..,..,..,..,..,..,..,..,..,..,..,..,..,13.5692300796509,..,..,..,..,12.8481702804565,..,..,..,..,..,..,21.8229198455811,..,23.5221996307373,22.4725799560547,28.2936592102051,..,..,..,..,..,..,34.5993995666504,..,..,..,39.3458518981934,29.6632804870605,..,..,34.4900016784668,..
Burundi,BDI,"Inflation, consumer prices (annual %)",FP.CPI.TOTL.ZG,..,..,..,..,..,..,4.43686006769088,-1.08932461874253,6.05726872222518,4.02388369733122,-0.199650611430225,3.85096274044454,3.82855766917334,6.00649350675306,15.7223072990938,15.7098745988233,6.85655157364539,6.83451404136489,23.8956206469303,36.5407569980925,2.49851950030166,12.1673943487938,5.86809635722661,8.15123135622631,14.3168697883258,3.80428683649425,1.67567567567547,7.11323763955337,4.48679769704177,11.6615998479958,7.00216956651122,8.99693873494331,1.82333333333308,9.67934658067928,14.8528149833969,19.2632536382538,26.4367816091951,31.1115898319695,12.5004107653378,3.38542427340455,24.4320242102151,9.29618771341889,-1.3656800532806,10.6474645658306,8.17642937482053,13.2520699188224,2.74542000214241,8.41206285772544,24.4069510353914,10.5554355299529,6.49326591473993,9.5921660597967,18.1610453065451,7.93795807492418,4.40535234185293,5.54468891259779,5.55768961400965,16.0525353030392,-2.81469807668465,-0.686772170797359,7.32110643415521,8.40453845076341,18.8008786664945,26.9414835762453
Burundi,BDI,"Unemployment, total (% of total labor force) (modeled ILO estimate)",SL.UEM.TOTL.ZS,..,..,..,..,..,..,..,..,..,..,..,..,..,..,..,..,..,..,..,..,..,..,..,..,..,..,..,..,..,..,..,3.168,3.141,3.112,3.133,3.088,3.095,3.147,3.191,3.146,3.145,3.164,3.18,3.137,3.179,3.15,3.185,2.4,1.634,1.618,1.612,1.599,1.591,1.584,1.572,1.444,1.356,1.258,1.157,1.053,1.03,1.11,0.919,0.93
Burundi,BDI,GDP growth (annual %),NY.GDP.MKTP.KD.ZG,..,-13.7461350539839,9.06315793386563,4.13540742185575,6.27303790087062,3.96722560928015,4.61299289557684,13.8215186020874,-0.297883673472171,-1.45954114245622,21.3256707328654,2.74682871213831,-6.40396492407875,6.88905071896333,-0.726839562746335,0.697920236215197,7.9426609761414,11.4694530439125,-0.940575988409648,1.66495495023543,0.991055725106477,12.1632755698283,-1.05359982021012,3.71532699139112,0.155544004959737,11.7831801786654,3.25018045970241,5.50309611952244,5.03102436749121,1.34950223651784,3.49982213611253,4.99683644792125,1.00999837099629,-6.24000000139047,-3.82999999619828,-7.92000000374772,-7.99999999794093,-1.58999999685828,4.74999999509613,-1.00999999649815,-0.856864058424151,2.05580710835243,4.44651941224797,-1.22372796023444,4.83365776809453,0.900000000901912,5.41380714491444,3.45194856381943,4.86171636712641,3.81274536633418,5.12415999439806,4.03259998844415,4.44670633111495,4.92418989834684,4.24065021402657,-3.9000000804855,-0.600000909116389,0.500001262429279,1.60993542127714,1.81256532401552,0.327156892638385,3.09999999870627,1.84899943948213,2.70000059705133
Burundi,BDI,"Government expenditure on education, total (% of GDP)",SE.XPD.TOTL.GD.ZS,..,..,..,..,..,..,..,..,..,..,..,..,..,..,..,..,..,..,..,2.80335998535156,..,3.34676003456116,..,..,..,..,..,..,..,..,3.35932993888855,3.49365997314453,3.8058500289917,..,4.565269947052,5.01511001586914,4.08324003219604,..,..,3.41744995117188,2.64547991752625,2.90390992164612,3.00493001937866,..,3.74496006965637,3.632159948349,..,..,5.19290018081665,6.17194986343384,6.77524995803833,6.31925010681152,6.16777992248535,5.99539995193481,6.78452014923096,6.37133979797363,4.69199991226196,4.76202011108398,5.07864999771118,5.34700012207031,5.32200002670288,4.87099981307983,4.82100009918213,..
Burundi,BDI,"School enrollment, secondary (% net)",SE.SEC.NENR,..,..,..,..,..,..,..,..,..,..,..,..,..,..,..,..,2.05251,2.07995,..,..,2.15232,..,2.51639,2.3506,2.42699,2.633,2.84889,3.14835,..,..,..,..,..,5.05246,..,..,..,..,..,..,..,..,..,..,..,..,..,..,..,13.09097,15.17589,16.88675,18.42151,21.40103,25.95054,28.89895,32.18514,28.30495,27.52277,..,..,..,..,..
Burundi,BDI,"Literacy rate, adult total (% of people ages 15 and above)",SE.ADT.LITR.ZS,..,..,..,..,..,..,..,..,..,..,..,..,..,..,..,..,..,..,..,22.5085506439209,..,..,..,..,..,..,..,..,..,..,37.3847198486328,..,..,..,..,..,..,..,..,..,59.3036193847656,..,..,..,..,..,..,..,48.0840606689453,..,..,..,..,..,61.5134887695312,..,..,68.3753280639648,..,..,..,..,75.5400009155273,..
Central African Republic,CAF,"Inflation, consumer prices (annual %)",FP.CPI.TOTL.ZG,..,..,..,..,..,..,..,..,..,..,..,..,..,..,..,..,..,..,..,..,..,-0.0333333333334091,13.2960986995663,14.6126112868811,2.54220966810047,10.4238402303886,2.24515251162269,-6.98680270599974,-3.96446882079366,0.689055807312738,-0.0123304562272102,-2.76236280675762,-1.03360811667777,-2.91535849298335,24.5710137275605,19.1894039735098,3.72494110325802,1.61131347760911,-1.8852009615791,-1.41420220082551,3.20340091563112,3.83486060237362,2.33181703516235,4.13470905150996,-2.06640601136303,2.88352073359022,6.69526465773354,0.95991761945711,9.25895099417076,3.52126227238643,1.49102370047802,1.1944757244985,5.47829594346117,6.98879341970198,14.898684179755,1.40297017136816,4.94543276106518,4.18072331871267,1.61215686991555,2.68537355266787,1.71015659523153,4.25936417542868,5.58316735183247,2.97913852618937
Central African Republic,CAF,"Unemployment, total (% of total labor force) (modeled ILO estimate)",SL.UEM.TOTL.ZS,..,..,..,..,..,..,..,..,..,..,..,..,..,..,..,..,..,..,..,..,..,..,..,..,..,..,..,..,..,..,..,5.561,5.672,5.735,5.757,5.709,5.676,5.633,5.602,5.593,5.546,5.589,5.625,5.631,5.56,5.53,5.46,5.419,5.372,5.463,5.585,5.551,5.52,5.56,5.685,5.871,5.904,5.969,5.896,5.978,6.556,6.676,6.337,6.286
Central African Republic,CAF,GDP growth (annual %),NY.GDP.MKTP.KD.ZG,..,4.95355379797229,-3.71380018409685,-0.707010752236329,2.08032459940857,0.947578712256856,0.644783720237797,4.6766131089008,1.40411317693092,7.09154252763096,2.33288087679347,1.13020238405835,-0.000867174831114426,1.888939956294,6.33903361228316,0.404987104042064,5.43251898691292,3.80623491408234,1.2092354194359,-2.46513778468636,-4.47863884794948,-1.54446566470149,7.71578363090393,-8.12651359274568,9.48172665292533,3.92721953798056,3.57797925430461,-4.93898788502545,1.71016528472386,1.97727043451945,-2.14752806574087,-0.552543005101867,-6.42407819946331,0.335275684646064,4.89994941000114,7.20004555751903,-4.00009296364789,5.29993601826074,4.70014237879329,3.59997490432274,-2.48943244028874,4.46473902640867,3.61654219150596,-5.39748521855877,5.99488422798696,0.908210514871953,4.77108543044105,4.60753485452025,2.05413096200485,8.58726042640994,4.63081843223307,4.19461533741989,5.05376125356918,-36.3919770983887,0.0810705153264877,4.33712103020231,4.75031684122342,4.52727821346231,3.78944359275462,3.09999999999999,0.899999996857062,0.982919996264229,0.502110003427035,0.870251450842758
Central African Republic,CAF,"Government expenditure on education, total (% of GDP)",SE.XPD.TOTL.GD.ZS,..,..,..,..,..,..,..,..,..,..,..,..,..,..,..,..,..,..,3.17053008079529,..,..,..,..,..,..,..,2.20775008201599,2.54804992675781,..,..,2.2441999912262,2.27630996704102,..,..,..,..,..,..,..,1.69001996517181,1.61265003681183,..,1.5195699930191,1.53980004787445,1.6245299577713,1.65222001075745,1.41506004333496,1.31332004070282,1.29000997543335,1.25458002090454,1.11760997772217,1.10792005062103,1.98000001907349,2.63800001144409,2.22000002861023,1.9099999666214,1.75399994850159,1.75399994850159,1.56599998474121,1.76800000667572,2.14499998092651,1.87300002574921,2.11500000953674,..
Central African Republic,CAF,"School enrollment, secondary (% net)",SE.SEC.NENR,..,..,..,..,..,..,..,..,..,..,..,3.98638,4.76289,5.36927,..,..,..,..,..,..,..,..,..,..,..,..,..,..,..,..,..,..,..,..,..,..,..,..,..,..,..,..,..,..,..,..,..,..,..,10.45646,..,13.81829,13.61317,..,..,..,..,12.71989,..,..,..,..,..,..
Central African Republic,CAF,"Literacy rate, adult total (% of people ages 15 and above)",SE.ADT.LITR.ZS,..,..,..,..,..,..,..,..,..,..,..,..,..,..,..,18.2361698150635,..,..,..,..,..,..,..,..,..,..,..,..,33.6244201660156,..,..,..,..,..,..,..,..,..,..,..,50.6451683044434,..,..,..,..,..,..,..,..,..,36.7526092529297,..,..,..,..,..,..,..,37.3958206176758,..,37.4900016784668,..,..,..
Chad,TCD,"Inflation, consumer prices (annual %)",FP.CPI.TOTL.ZG,..,..,..,..,..,..,..,..,..,..,..,..,..,..,..,..,..,..,..,..,..,..,..,..,20.2508960573479,5.15399900645818,-13.0565725758829,-5.97484276729554,15.4775176514303,-3.68913460441471,-0.738282265310941,3.19387473029498,-3.11303067214949,-8.42793348651802,41.7248972364414,9.23032599768656,11.3308789057282,5.57225711125331,4.2588511022514,-8.02505962727456,3.82260088086307,12.4312865279941,5.19181895195446,-1.75256941248655,-5.35540028884816,7.89036567462993,8.03628897951332,-8.9747396200927,10.2969758221254,9.95242290748864,-2.07786574641866,2.0292405367826,7.51662364663833,0.222671564624642,1.68197313925661,4.37712665065654,-0.792440525236016,-1.53709962980849,4.27462198610545,-0.971939175419317,4.4641443723286,-0.772844370359139,5.78802687843616,10.8363568399842
Chad,TCD,"Unemployment, total (% of total labor force) (modeled ILO estimate)",SL.UEM.TOTL.ZS,..,..,..,..,..,..,..,..,..,..,..,..,..,..,..,..,..,..,..,..,..,..,..,..,..,..,..,..,..,..,..,0.669,0.66,0.7,0.711,0.751,0.701,0.732,0.727,0.752,0.792,0.789,0.768,0.728,0.679,0.67,0.716,0.829,0.904,0.903,0.873,0.899,0.893,0.942,0.926,0.968,1.044,1.116,1.135,1.081,1.693,1.511,1.104,1.082
Chad,TCD,GDP growth (annual %),NY.GDP.MKTP.KD.ZG,..,1.39774367077538,5.36011610893978,-1.59945401520805,-2.5109396034681,0.606227786325746,-1.8070923919984,0.767201382290096,-0.457218866538113,6.88131022379213,1.85965647855537,-2.24762637244967,1.14961609483272,-8.38088300800841,4.96185258253867,9.01026730550454,2.98076526952687,2.23462484913772,-0.469634188032003,-21.4410876889122,-6.04767074733006,1.04291810259778,5.34660899936912,15.6787177787338,2.04889891081631,21.792773530392,-4.08166751727336,-2.38880849732404,15.4823590700133,4.88473510251038,-4.17847237277677,8.53513716647174,8.00144334631926,-15.7098370452077,10.1368876335147,1.23654931686494,2.21447303467441,5.65339232788355,6.95157991354007,-0.682850217297741,-0.879681025444839,11.658134654294,8.49120981898056,14.7216670121033,33.6293718524659,17.3325337350837,0.648262014094513,3.27149957888643,3.05269153196828,4.21769555189633,13.5501008595489,0.0828697984381961,8.88257607170316,5.70000136285864,6.89998504532166,2.76767568484473,-6.25552708545281,-2.98869598553931,2.37403780037786,3.24718191743429,-1.60000673705524,-1.16918700397552,2.80434074839411,4.12231962001739
Chad,TCD,"Government expenditure on education, total (% of GDP)",SE.XPD.TOTL.GD.ZS,..,..,..,..,..,..,..,..,..,..,..,..,..,..,..,..,..,..,..,..,..,..,..,..,..,..,..,..,..,..,..,..,..,..,..,..,..,2.27335000038147,1.64902997016907,3.22785997390747,2.64670991897583,2.42614006996155,..,..,1.59294998645782,1.69476997852325,..,..,..,2.31173992156982,1.98194003105164,2.25789999961853,2.20615005493164,2.85070991516113,2.3199999332428,2.34299993515015,2.38800001144409,2.45481991767883,2.2590000629425,2.37199997901917,2.74000000953674,2.8881299495697,2.53900003433228,..
Chad,TCD,"School enrollment, secondary (% net)",SE.SEC.NENR,..,..,..,..,..,..,..,..,..,..,..,..,..,..,..,..,..,..,..,..,..,..,..,..,..,..,..,..,..,..,..,..,..,..,..,..,..,..,6.1114,6.99402,7.24649,8.40238,9.58813,10.5173,..,..,..,..,..,..,..,..,..,..,..,18.44135,18.8551,..,..,..,..,..,..,..
Chad,TCD,"Literacy rate, adult total (% of people ages 15 and above)",SE.ADT.LITR.ZS,..,..,..,..,..,..,..,..,..,..,..,..,..,..,..,..,..,..,..,..,..,..,..,..,..,..,..,..,..,..,..,..,..,10.8946504592896,..,..,..,..,..,..,25.6542091369629,..,..,..,28.3814296722412,..,..,..,..,..,..,..,..,..,..,26.0029907226562,22.3115501403809,..,..,..,..,..,27.2800006866455,..
"Congo, Dem. Rep.",COD,"Inflation, consumer prices (annual %)",FP.CPI.TOTL.ZG,..,..,..,..,35.4210649777883,-2.72698027762915,15.7801012491141,36.9265248728318,53.3216727107739,6.17619573522314,8.02528404548487,5.77734982596516,15.8042153907951,15.6427621238194,29.4692810459945,28.6579701952268,80.385959075414,68.9477081989997,48.7690376115202,101.051260411497,46.6259068303308,35.4082648744294,36.6996975740914,76.5266976662658,52.2270113573208,23.820784521335,44.4,78.6703601108033,71.0917312661503,104.06522942826,81.295404814004,2154.43682711341,4129.16985661558,1986.90476190476,23773.1317741016,541.908883239027,492.441850235414,198.516707416463,29.1488069236652,284.894975914087,513.906843747535,359.936614264586,31.5225826025495,12.8739657187405,3.99438400815971,21.3168167229341,13.0526949745101,16.945100654195,17.3013845700157,2.79999999999982,7.10000000000037,15.316515913949,9.72182806273364,0.808223101487111,1.24303889760803,0.74419899478147,2.88585107289988,..,..,..,..,..,..,..
"Congo, Dem. Rep.",COD,"Unemployment, total (% of total labor force) (modeled ILO estimate)",SL.UEM.TOTL.ZS,..,..,..,..,..,..,..,..,..,..,..,..,..,..,..,..,..,..,..,..,..,..,..,..,..,..,..,..,..,..,..,3.213,3.312,3.39,3.345,3.233,3.117,3.14,3.169,3.206,3.224,3.233,3.165,3.05,2.973,2.948,3.173,3.401,3.625,3.879,4.096,4.315,4.485,4.474,4.446,4.456,4.548,4.637,4.661,4.642,5.369,5.273,4.585,4.544
"Congo, Dem. Rep.",COD,GDP growth (annual %),NY.GDP.MKTP.KD.ZG,..,-10.8513760836337,21.2006975148133,5.213990134349,-2.44022356449149,0.997348793527436,6.77548530172186,-0.985738661487957,4.33269846401917,9.3288374385548,-0.245056575086281,6.00501806737557,0.151135513789043,8.13727588740186,3.13058587923621,-4.98163100525389,-5.30900208097141,0.760793601550816,-5.34529152756241,0.430088262092653,2.19491292367728,2.350524074861,-0.457677608961575,1.41170368826302,5.54107402196995,0.467850950946058,4.71720965340852,2.67564245126934,0.470381336748702,-1.26605063560955,-6.56831069464246,-8.42105149913377,-10.5000085646477,-13.4690505381279,-3.89999680312387,0.699998829794396,-1.02317264199922,-5.61704659870088,-1.62415404478989,-4.2701408311335,-6.91092731652101,-2.10017302488846,2.94776518359767,5.57782231144424,6.73837393324294,6.13515115548972,5.32097956548998,6.25947776437397,6.22589426869193,2.85506401011484,7.10797657581392,6.8746708900163,7.08689894671942,8.48195663608755,9.4702880993101,6.91616711922561,2.39939891133452,3.7269476588301,5.82112109969025,4.38452887429834,1.73542276681493,6.20015401075946,8.92444762563109,8.56086250908719
"Congo, Dem. Rep.",COD,"Government expenditure on education, total (% of GDP)",SE.XPD.TOTL.GD.ZS,..,..,..,..,..,..,..,..,..,..,..,..,..,..,..,..,..,..,..,..,2.26730990409851,2.53504991531372,2.79981994628906,1.29945003986359,0.70414000749588,0.825699985027313,0.722500026226044,0.861199975013733,0.814840018749237,..,..,..,..,..,..,..,..,..,..,..,..,..,..,..,..,..,..,..,..,..,1.5249799489975,..,..,2.06221008300781,1.95142996311188,2.17043995857239,2.1186900138855,1.45494997501373,..,..,2.62299990653992,2.66000008583069,3.00300002098083,..
"Congo, Dem. Rep.",COD,"School enrollment, secondary (% net)",SE.SEC.NENR,..,..,..,..,..,..,..,..,..,..,..,..,..,..,..,..,..,..,..,..,..,..,..,..,..,..,..,..,..,..,..,..,16.48841,17.6214,18.30653,..,..,..,..,..,..,..,..,..,..,..,..,..,..,..,..,..,..,..,..,..,..,..,..,..,..,..,..,..
"Congo, Dem. Rep.",COD,"Literacy rate, adult total (% of people ages 15 and above)",SE.ADT.LITR.ZS,..,..,..,..,..,..,..,..,..,..,..,..,..,..,..,..,..,..,..,..,..,..,..,..,..,..,..,..,..,..,..,..,..,..,..,..,..,..,..,..,..,67.1729888916016,..,..,..,..,..,61.2055511474609,..,..,..,..,75.0171890258789,..,..,..,77.0426788330078,..,..,..,..,..,80.5400009155273,..
Eritrea,ERI,"Inflation, consumer prices (annual %)",FP.CPI.TOTL.ZG,..,..,..,..,..,..,..,..,..,..,..,..,..,..,..,..,..,..,..,..,..,..,..,..,..,..,..,..,..,..,..,..,..,..,..,..,..,..,..,..,..,..,..,..,..,..,..,..,..,..,..,..,..,..,..,..,..,..,..,..,..,..,..,..
Eritrea,ERI,"Unemployment, total (% of total labor force) (modeled ILO estimate)",SL.UEM.TOTL.ZS,..,..,..,..,..,..,..,..,..,..,..,..,..,..,..,..,..,..,..,..,..,..,..,..,..,..,..,..,..,..,..,5.329,5.483,5.554,5.598,5.464,5.394,5.494,5.589,5.683,5.724,5.784,5.814,5.784,5.674,5.689,5.683,5.696,5.647,5.722,5.839,5.755,5.649,5.61,5.652,5.793,5.83,5.879,5.758,5.789,6.307,6.341,5.941,5.866
Eritrea,ERI,GDP growth (annual %),NY.GDP.MKTP.KD.ZG,..,..,..,..,..,..,..,..,..,..,..,..,..,..,..,..,..,..,..,..,..,..,..,..,..,..,..,..,..,..,..,..,..,13.4547625007102,21.2214111876814,2.8583790589487,9.25883856340832,7.90868457794079,1.77258309100318,0.0134800959108077,-3.14198590251638,8.75543552816325,3.0054291917378,-2.65551592487554,1.45173556595506,2.57444955124846,-0.969217110711355,1.42682221120323,-9.78303001782456,3.8765015275421,2.19419034888082,8.67980010138049,..,..,..,..,..,..,..,..,..,..,..,..
Eritrea,ERI,"Government expenditure on education, total (% of GDP)",SE.XPD.TOTL.GD.ZS,..,..,..,..,..,..,..,..,..,..,..,..,..,..,..,..,..,..,..,..,..,..,..,..,..,..,..,..,..,..,..,..,..,..,..,..,1.63855004310608,..,4.62058019638062,5.26281023025513,..,4.04716014862061,3.52390003204346,..,3.14896988868713,..,2.12700009346008,..,..,..,..,..,..,..,..,..,..,..,..,..,..,..,..,..
Eritrea,ERI,"School enrollment, secondary (% net)",SE.SEC.NENR,..,..,..,..,..,..,..,..,..,..,..,..,..,..,..,..,..,..,..,..,..,..,..,..,..,..,..,..,..,..,..,..,..,..,15.98817,17.20103,..,20.0927,..,24.90625,27.63756,26.97164,27.3134,27.76501,29.89231,32.07118,34.31103,35.72305,38.30874,42.17554,46.63161,48.75162,51.39255,48.24244,48.19877,42.78074,..,40.69051,41.57501,..,..,..,..,..
Eritrea,ERI,"Literacy rate, adult total (% of people ages 15 and above)",SE.ADT.LITR.ZS,..,..,..,..,..,..,..,..,..,..,..,..,..,..,..,..,..,..,..,..,..,..,..,..,..,..,..,..,..,..,..,..,..,..,..,..,..,..,..,..,..,..,52.5139503479004,..,..,..,..,..,64.662971496582,..,..,..,..,..,..,..,..,..,76.5705184936523,..,..,..,..,..
Ethiopia,ETH,"Inflation, consumer prices (annual %)",FP.CPI.TOTL.ZG,..,..,..,..,..,..,-1.36186770466907,0.808678501054678,0.182612665558996,1.42568843148626,10.1219512195636,0.536224281695193,-6.08151197179128,8.91358024695813,8.59215597391085,6.55010438394199,28.5378398237849,16.6571395908503,14.3081144649155,16.0322359396519,4.48253780600435,6.13596718680434,5.89006107723961,-0.675378064854718,8.41727378312053,19.0646851444406,-9.80876507050661,-2.42867248283368,7.08071532141089,7.81730118223048,5.15248124174767,35.7225982298715,10.5274440119592,3.54306596166032,7.59387600185337,10.0221733553239,-8.48424868948825,2.39520958083829,0.894801693964107,7.94144864137325,0.662458109266482,-8.23784453391137,0.675089102170801,13.6740452028272,3.32737047894847,9.96997123512892,12.2994763114825,17.2404008340898,44.3566858766952,8.48364404530282,8.14926402965082,33.2499598823344,23.600417677317,7.46402192944517,6.89001951597192,9.56889955968623,6.62813337230924,10.6871150284238,13.8330356586661,15.8096321719344,20.3563468559061,26.8395221557722,33.8898797100898,30.2188278135278
Ethiopia,ETH,"Unemployment, total (% of total labor force) (modeled ILO estimate)",SL.UEM.TOTL.ZS,..,..,..,..,..,..,..,..,..,..,..,..,..,..,..,..,..,..,..,..,..,..,..,..,..,..,..,..,..,..,..,3.259,3.382,3.236,3.1,3.021,3.137,3.245,3.489,3.714,3.502,3.174,3.061,3.002,2.771,2.497,2.346,2.344,2.333,2.331,2.299,2.274,2.255,2.251,2.364,2.45,2.566,2.678,2.825,2.945,4.024,3.935,3.493,3.497
Ethiopia,ETH,GDP growth (annual %),NY.GDP.MKTP.KD.ZG,..,..,4.3260913357996,4.51863392642512,4.09048561086951,5.77193201623412,7.25659803666719,4.06158788009805,4.14218784379234,1.38865740812417,3.48272874045621,6.52647616348123,4.22715959044986,5.10986950752167,3.27365832430968,1.24613171474543,0.148810315966358,2.72568162577357,2.74000633152272,-1.10076369430246,6.42416616437001,4.38154812525401,0.916013856738189,8.23500571913686,-2.84802145221472,-11.1443529779265,9.6616123612221,13.8593303949746,0.503674879297762,-0.36104417975227,2.72645178272658,-7.13747970027428,-8.67248014788842,13.1428339765154,3.18996458217961,6.12751141376545,12.4261737774646,3.13390685087593,-3.45813913371742,5.16214582105535,6.07321747957957,8.30130632052328,1.51472570631101,-2.16135972205798,13.5726031368695,11.8187659466494,10.834727065877,11.4561670000236,10.7885216853725,8.80255319782566,12.5505383459308,11.1782962271641,8.64781163337416,10.5822700482672,10.2574929610051,10.3924630202334,9.43348265784402,9.56418964295607,6.81614779681703,8.3640856990789,6.05953088643369,5.64153071734657,5.32117628383672,6.49813464238613
Ethiopia,ETH,"Government expenditure on education, total (% of GDP)",SE.XPD.TOTL.GD.ZS,..,..,..,..,..,..,..,..,..,..,..,..,..,..,..,..,..,..,..,..,..,..,2.11234998703003,2.30205988883972,2.11203002929688,2.33756995201111,2.13794994354248,..,..,..,..,..,..,2.35420989990234,..,..,2.77462005615234,2.75794005393982,..,..,3.98310995101929,3.7002899646759,3.63245010375977,..,..,..,5.49096012115479,5.45112991333008,5.40819978713989,4.42207002639771,4.49659013748169,5.48576021194458,5.56678009033203,4.4985499382019,4.60201978683472,5.15299987792969,5.06199979782104,5.49900007247925,5.21999979019165,4.48099994659424,4.09100008010864,4.06500005722046,3.73600006103516,..
Ethiopia,ETH,"School enrollment, secondary (% net)",SE.SEC.NENR,..,..,..,..,..,..,..,..,..,..,..,..,..,..,..,..,..,..,..,..,..,..,..,..,..,..,..,..,..,..,..,..,..,..,..,..,..,..,..,10.96812,12.48979,13.21767,15.0676,..,..,..,..,..,..,..,..,..,..,..,30.09293,30.8138,..,..,..,..,..,..,..,..
Ethiopia,ETH,"Literacy rate, adult total (% of people ages 15 and above)",SE.ADT.LITR.ZS,..,..,..,..,..,..,..,..,..,..,..,..,..,..,..,..,..,..,..,..,..,..,..,..,..,..,..,..,..,..,..,..,..,..,27.0113506317139,..,..,..,..,..,..,..,..,..,35.9000015258789,29.8203392028809,..,38.995979309082,..,..,..,..,..,..,..,..,..,51.7711791992188,..,..,..,..,..,..
"Gambia, The",GMB,"Inflation, consumer prices (annual %)",FP.CPI.TOTL.ZG,..,..,1.78761787610517,4.61612825298721,-4.53565378123679,1.21803662168856,0.23908192532822,1.40721895381677,4.17875343012887,5.01204093884017,-1.98509387961995,3.05622578045008,8.69811990079435,6.91860844589019,9.23631035966853,25.9249999994999,17.0273310832519,12.3897308301286,8.85534591214091,6.12895770734282,6.82461565247797,5.94422700614445,10.8558454553089,10.6363036761385,22.0984594145327,18.319884874273,56.560172013504,23.5291669556941,11.6905868876763,8.27501608751592,12.1677841130696,8.64234325973438,9.48654250617163,6.46380422753847,1.71020632305637,6.98097441830556,1.09948870771018,2.78122790023229,1.11418841174713,3.8123720536602,0.8449695667737,4.49259609239754,8.60912474386327,17.0328665431988,14.2067432845569,4.83862177543157,2.0565034236599,5.36913473801957,4.4436549094501,4.56150687670983,5.04968075857402,4.7958826618311,4.25432199813899,5.69912989637382,5.94799935696626,6.8084549457961,7.22879272057922,8.03418974545911,6.52096823946573,7.11567625631192,5.93127636562441,7.37034758876618,11.5131198380506,16.9742129632326
"Gambia, The",GMB,"Unemployment, total (% of total labor force) (modeled ILO estimate)",SL.UEM.TOTL.ZS,..,..,..,..,..,..,..,..,..,..,..,..,..,..,..,..,..,..,..,..,..,..,..,..,..,..,..,..,..,..,..,9.561,9.681,9.727,9.862,9.983,10.036,9.866,9.784,9.643,9.639,9.571,9.965,9.93,9.897,9.878,10.196,10.383,10.041,9.769,9.673,10.269,10.346,9.468,8.224,7.271,6.299,5.162,4.127,4.532,5.858,6.206,6.082,6.479
"Gambia, The",GMB,GDP growth (annual %),NY.GDP.MKTP.KD.ZG,..,..,..,..,..,..,..,0,9.57614346876494,2.43552288111326,6.15384657262285,-0.0658770394050947,0.241704785011237,9.25032925345546,5.87879361029783,12.3934290906923,7.35122573247521,3.43957605958968,6.31644630976179,-1.32818316164975,6.27007960556354,3.32189401064942,-0.764582637150042,10.8832277675592,3.53525730169937,-0.812264660562306,4.09107074099691,2.45433259678632,4.47682692076357,5.89572187264736,3.55887936756983,3.10703922385581,3.37868879121812,3.01210137437499,0.154345959845131,0.881848240754678,2.22354563838627,4.89999910999681,3.49999870205306,6.39999905009302,5.50000021632955,5.80000024323377,-3.25000014970206,6.86999962173842,7.05000000064635,-2.35172936176019,-0.555580977246521,3.04324950829739,6.25590553394287,6.6657243078367,5.90833580968288,-8.13044422315659,5.24156924630741,2.872768790327,-1.40738249510954,4.0580738039996,1.94335965478776,4.8226112492757,7.23489033258579,6.22205315994859,0.591487287873974,5.25596879353259,4.91782130902605,5.29599663840045
"Gambia, The",GMB,"Government expenditure on education, total (% of GDP)",SE.XPD.TOTL.GD.ZS,..,..,..,..,..,..,..,..,..,..,..,..,..,..,..,..,..,..,..,..,..,..,..,..,..,4.29514980316162,3.48473000526428,..,..,2.97409009933472,2.82583999633789,3.78061008453369,1.16983997821808,..,..,2.55356001853943,2.56627988815308,..,..,1.56512999534607,1.46587002277374,1.15810000896454,1.44291996955872,1.36337995529175,0.622470021247864,0.691879987716675,0.751630008220673,0.816860020160675,2.18129992485046,1.90813994407654,2.56322002410889,2.50116991996765,2.63756990432739,1.81839001178741,2.23094010353088,2.16002988815308,2.0244300365448,2.45900011062622,2.36543989181519,2.65499997138977,2.88700008392334,2.94000005722046,2.7279999256134,..
"Gambia, The",GMB,"School enrollment, secondary (% net)",SE.SEC.NENR,..,..,..,..,..,..,..,..,..,..,..,..,..,..,..,..,..,..,7.60565,7.49428,..,..,..,12.23244,14.03888,14.78404,14.63149,..,..,..,..,..,..,..,..,..,..,..,..,..,..,..,..,..,..,..,..,..,..,..,..,..,..,..,..,..,..,..,..,..,..,..,..,..
"Gambia, The",GMB,"Literacy rate, adult total (% of people ages 15 and above)",SE.ADT.LITR.ZS,..,..,..,..,..,..,..,..,..,..,..,..,..,..,..,..,..,..,..,..,..,..,..,..,..,..,..,..,..,..,..,..,..,..,..,..,..,..,..,..,36.8177299499512,..,..,..,..,..,..,..,..,..,..,..,..,41.9500503540039,..,50.7779693603516,..,..,..,..,..,..,58.6699981689453,..
Guinea-Bissau,GNB,"Inflation, consumer prices (annual %)",FP.CPI.TOTL.ZG,..,..,..,..,..,..,..,..,..,..,..,..,..,..,..,..,..,..,..,..,..,..,..,..,..,..,..,..,60.2817826333536,80.7881406436234,33.0019778318026,57.5952847505663,69.5836363993793,48.1081660687068,15.1763474313441,45.3653083621856,50.7340549612119,49.1009235769531,8.01375518965603,-2.08630513223527,8.63632094930278,3.34812265527109,3.30012175283749,-3.5025855110342,0.883302696930943,3.32919922802856,1.95473717628916,4.61743772241997,10.4600731354706,-1.65139733620775,2.51785140171697,5.04610226320204,2.13054580274493,1.20712555668414,-1.50924460570503,1.47672048910494,1.50312055861088,1.69111461822289,0.381324702791081,0.24660026814783,1.14000939393213,2.24248879577659,9.39383877456591,..
Guinea-Bissau,GNB,"Unemployment, total (% of total labor force) (modeled ILO estimate)",SL.UEM.TOTL.ZS,..,..,..,..,..,..,..,..,..,..,..,..,..,..,..,..,..,..,..,..,..,..,..,..,..,..,..,..,..,..,..,3.066,3.13,3.179,3.203,3.168,3.063,3.03,3.416,3.558,3.576,3.195,3.222,3.284,3.28,3.221,3.204,3.202,3.218,3.21,3.197,3.144,3.207,3.226,3.316,3.224,3.192,3.137,3.196,3.219,3.614,3.628,3.204,3.183
Guinea-Bissau,GNB,GDP growth (annual %),NY.GDP.MKTP.KD.ZG,..,..,..,..,..,..,..,..,..,..,..,-3.9109674582122,6.3748608935727,1.10989279010028,4.5592410484831,7.84558431974448,4.94345530501934,-7.1700699710658,13.1260433806217,1.99414436253616,-15.9526514985296,18.1675281526384,4.20008213479531,-3.39828742923493,9.10922298643493,4.1664928969839,-0.793847626188779,2.90000000744686,4.59999998835039,6.10000002147302,6.09999998640154,5.10000002278485,1.09999997118963,2.0999999996825,3.20000002044962,4.40000000803342,11.5999999962807,6.50000000000006,-22.4457270639668,16.8150212656387,1.10027814955129,4.78597164797961,3.65393603983838,-0.285931046863254,1.17189152783422,6.55977110317356,2.66650493227063,2.55982647882718,4.52457514440721,2.44795106862898,5.60536310250697,8.08504167719053,-1.71286958276356,3.25607191163699,0.964525747030635,6.13408935472681,5.30659633085426,4.78899162146706,3.76145359456295,4.50009293739862,1.50000000000006,6.39995262427662,4.19999023152431,4.24828229733396
Guinea-Bissau,GNB,"Government expenditure on education, total (% of GDP)",SE.XPD.TOTL.GD.ZS,..,..,..,..,..,..,..,..,..,..,..,..,..,..,..,..,..,..,..,..,..,..,..,..,..,..,..,..,..,..,..,..,..,..,..,..,..,..,..,5.24617004394531,..,..,..,..,..,..,..,..,..,..,1.86082005500793,1.8578599691391,2.00106000900269,2.13248991966248,..,..,..,..,..,..,..,..,..,..
Guinea-Bissau,GNB,"School enrollment, secondary (% net)",SE.SEC.NENR,..,..,..,..,..,..,..,..,..,..,..,..,..,..,..,..,..,..,..,..,..,2.69955,3.50441,..,3.56842,..,..,..,..,..,..,..,..,..,..,..,..,..,..,..,8.55698,..,..,..,..,..,..,..,..,..,..,..,..,..,..,..,..,..,..,..,..,..,..,..
Guinea-Bissau,GNB,"Literacy rate, adult total (% of people ages 15 and above)",SE.ADT.LITR.ZS,..,..,..,..,..,..,..,..,..,..,..,..,..,..,..,..,..,..,..,19.9582500457764,..,..,..,..,..,..,..,..,..,..,..,..,..,..,..,..,..,..,..,..,41.3577690124512,..,..,..,..,..,..,..,..,..,..,..,..,..,45.5811614990234,..,..,..,..,..,..,..,53.9000015258789,..
"Korea, Dem. People's Rep.",PRK,"Inflation, consumer prices (annual %)",FP.CPI.TOTL.ZG,..,..,..,..,..,..,..,..,..,..,..,..,..,..,..,..,..,..,..,..,..,..,..,..,..,..,..,..,..,..,..,..,..,..,..,..,..,..,..,..,..,..,..,..,..,..,..,..,..,..,..,..,..,..,..,..,..,..,..,..,..,..,..,..
"Korea, Dem. People's Rep.",PRK,"Unemployment, total (% of total labor force) (modeled ILO estimate)",SL.UEM.TOTL.ZS,..,..,..,..,..,..,..,..,..,..,..,..,..,..,..,..,..,..,..,..,..,..,..,..,..,..,..,..,..,..,..,2.394,2.427,2.53,2.639,2.659,2.693,2.782,2.974,3.166,3.147,3.16,3.12,3.13,3.079,3.032,2.997,2.98,2.906,2.895,2.825,2.903,2.92,2.93,2.883,2.902,2.925,2.846,2.784,2.838,3.029,3.134,2.965,3.004
"Korea, Dem. People's Rep.",PRK,GDP growth (annual %),NY.GDP.MKTP.KD.ZG,..,..,..,..,..,..,..,..,..,..,..,..,..,..,..,..,..,..,..,..,..,..,..,..,..,..,..,..,..,..,..,..,..,..,..,..,..,..,..,..,..,..,..,..,..,..,..,..,..,..,..,..,..,..,..,..,..,..,..,..,..,..,..,..
"Korea, Dem. People's Rep.",PRK,"Government expenditure on education, total (% of GDP)",SE.XPD.TOTL.GD.ZS,..,..,..,..,..,..,..,..,..,..,..,..,..,..,..,..,..,..,..,..,..,..,..,..,..,..,..,..,..,..,..,..,..,..,..,..,..,..,..,..,..,..,..,..,..,..,..,..,..,..,..,..,..,..,..,..,..,..,..,..,..,..,..,..
"Korea, Dem. People's Rep.",PRK,"School enrollment, secondary (% net)",SE.SEC.NENR,..,..,..,..,..,..,..,..,..,..,..,..,..,..,..,..,..,..,..,..,..,..,..,..,..,..,..,..,..,..,..,..,..,..,..,..,..,..,..,..,..,..,..,..,..,..,..,..,..,..,..,..,..,..,..,..,..,..,..,..,..,..,..,..
"Korea, Dem. People's Rep.",PRK,"Literacy rate, adult total (% of people ages 15 and above)",SE.ADT.LITR.ZS,..,..,..,..,..,..,..,..,..,..,..,..,..,..,..,..,..,..,..,..,..,..,..,..,..,..,..,..,..,..,..,..,..,..,..,..,..,..,..,..,..,..,..,..,..,..,..,..,99.9981918334961,..,..,..,..,..,..,..,..,..,99.9981918334961,..,..,..,..,..
Liberia,LBR,"Inflation, consumer prices (annual %)",FP.CPI.TOTL.ZG,..,..,..,..,..,..,..,..,..,..,..,..,..,..,..,..,..,..,..,..,..,..,..,..,..,..,..,..,..,..,..,..,..,..,..,..,..,..,..,..,..,..,14.1596470116325,10.3302881236823,7.82908704883235,10.8343588481414,7.34144608278556,11.3918966807102,17.489448642993,7.42764305914911,7.28992796890228,8.48816751849401,6.83178703418548,7.577306817414,9.86111285574928,7.74869687621306,8.83424868336494,12.4196323907137,23.5635148953742,..,..,..,..,..
Liberia,LBR,"Unemployment, total (% of total labor force) (modeled ILO estimate)",SL.UEM.TOTL.ZS,..,..,..,..,..,..,..,..,..,..,..,..,..,..,..,..,..,..,..,..,..,..,..,..,..,..,..,..,..,..,..,2.68,2.747,2.7,2.664,2.588,2.371,2.176,2.038,2.021,2.035,2.125,2.211,2.406,2.412,2.403,2.274,2.223,2.211,2.236,2.266,2.208,2.138,2.072,2.079,2.553,3.081,3.066,3.057,3.072,4.092,3.792,2.99,2.939
Liberia,LBR,GDP growth (annual %),NY.GDP.MKTP.KD.ZG,..,2.4399854210132,1.34460607744855,2.27446063729673,5.15196132373894,4.79378627692186,7.70265598085092,6.74579085865388,4.7688716893939,7.28847301031681,6.6631927094912,4.90483027031767,4.1404956413712,-2.25597519811483,4.75320033552109,-3.46858948894037,5.31073407399047,1.58798456662504,4.8162206284738,3.26481968987513,-4.09836406990489,-2.13675011492256,-2.43293724705697,-1.89685281526528,-2.10731569992009,-0.84331815944256,-1.67859810026847,-1.00160075318935,-2.04189816843399,-26.6684493351628,-51.0308649505917,-14.2252117588438,-35.085681092071,-32.9753914988814,-21.7623497997329,-4.26621160409553,12.1212121212121,106.279809220986,30.208131021194,21.7414478849784,28.6159333495884,2.92027476569781,3.76301761700071,-30.145132727942,2.61984689477413,5.28121245309295,8.04390997190059,9.53527536282282,7.14569112811476,5.30054050291531,6.09982524004147,8.20076822497064,7.99381444555367,8.68728781639683,0.701393100287518,-0.0185649695590939,-1.5549586174878,2.45515592012239,1.15757512207355,-2.46729763532686,-2.98249127649473,4.98671283481617,4.80810517290655,4.71102538380681
Liberia,LBR,"Government expenditure on education, total (% of GDP)",SE.XPD.TOTL.GD.ZS,..,..,..,..,..,..,..,..,..,..,..,..,..,..,..,..,..,..,..,..,..,..,..,..,..,..,..,..,..,..,..,..,..,..,..,..,..,..,..,..,..,..,..,..,..,..,..,..,1.70166003704071,..,..,..,1.77711999416351,1.69078004360199,2.20005011558533,2.1159999370575,2.11500000953674,2.66330003738403,2.50391006469727,2.49399995803833,2.14000010490417,2.53214001655579,2.59500002861023,2.41700005531311
Liberia,LBR,"School enrollment, secondary (% net)",SE.SEC.NENR,..,..,..,..,..,..,..,..,..,..,..,..,..,..,..,..,..,..,..,..,..,..,..,..,..,..,..,..,..,..,..,..,..,..,..,..,..,..,..,..,..,..,..,..,..,..,..,..,..,..,..,..,..,..,16.961,15.69147,..,..,..,..,..,..,..,..
Liberia,LBR,"Literacy rate, adult total (% of people ages 15 and above)",SE.ADT.LITR.ZS,..,..,..,..,..,..,..,..,..,..,..,..,..,..,..,..,..,..,..,..,..,..,..,..,32.1067695617676,..,..,..,..,..,..,..,..,..,..,..,..,..,..,..,..,..,..,..,..,..,..,42.9410781860352,..,..,..,..,..,..,..,..,..,48.3013610839844,..,..,..,..,..,..
Madagascar,MDG,"Inflation, consumer prices (annual %)",FP.CPI.TOTL.ZG,..,..,..,..,..,4.20186036589442,3.21157397897554,0.815190376680787,0.956513164485543,3.82887282683659,2.87864534318793,5.38588149243495,5.6225596527748,6.1201018646478,22.100944418778,8.19121283215929,4.98681511862571,3.10895289128426,6.52844692261797,14.0555922555516,18.2178658946756,30.5381774327711,31.7897046510535,19.328338591095,9.85662095433889,10.5564839573619,14.4973321039129,14.9931351322502,26.8537971413812,9.01299594555501,11.7844838321357,8.59264760490192,14.5123786075771,10.008361204014,38.9417908989239,49.0802100590784,19.7563545439776,4.48638261737399,6.2080160866332,9.92953399348781,11.859684500028,7.91694484529586,16.4985255315846,-1.70400479616298,13.9558018033211,18.3638246468932,10.7656371554865,10.2879663187671,9.29650839381057,8.95421802392949,9.24732173644116,9.48254048582992,5.71384434191053,5.8264294445198,6.08040811088302,7.40419174202129,6.03575858154679,8.60905075422949,8.59422958870476,5.61051441492365,4.20179312190557,5.81225118787715,8.16059031991844,9.87432675044888
Madagascar,MDG,"Unemployment, total (% of total labor force) (modeled ILO estimate)",SL.UEM.TOTL.ZS,..,..,..,..,..,..,..,..,..,..,..,..,..,..,..,..,..,..,..,..,..,..,..,..,..,..,..,..,..,..,..,6.14,6.251,6.3,6.09,6.078,6.082,5.963,5.896,5.82,5.8,5.35,5.52,5.01,3.952,2.62,2.945,3.2,3.428,3.883,4.28,2.518,0.599,0.995,1.385,1.785,1.944,2.113,2.289,2.46,3.246,3.415,3.186,3.061
Madagascar,MDG,GDP growth (annual %),NY.GDP.MKTP.KD.ZG,..,2.04863275061248,2.27106970111232,-0.929401622790394,3.96251884651457,-0.452253863397502,2.06455240789826,5.52856560967709,6.8287860983493,3.72122216809368,5.27645557543077,3.92936503078364,-1.27262153096891,-2.61847832966285,2.00687937961095,1.25869163453154,-3.06885839129959,2.36400035834046,-2.66180596408321,9.85465029443104,0.952707585446319,-9.80000000085953,-1.90000000001299,0.899999999396201,1.76018194295042,1.15634413876586,1.96022488163399,1.17491326106625,3.40692921036734,4.07488065683054,3.12890505042525,-6.30635159237733,1.18088494825233,2.09992318110865,-0.042101302622072,1.67859232120303,2.15420447175147,3.69349261691789,3.91707460516817,4.69922703680521,4.45685893956946,5.98023576982733,-12.4079711055149,9.78489212474175,5.25700362208742,4.75584509499119,5.3985084485368,5.71056419885052,6.71263253913001,-3.9787086116544,0.619239744622121,1.57842705366555,3.01114811621208,2.30037622800727,3.33920311195367,3.13229807490305,3.99314606199499,3.93330759462793,3.19435651744398,4.41123212909589,-7.13767162064489,5.73961573854336,3.79619908930115,3.9853710126696
Madagascar,MDG,"Government expenditure on education, total (% of GDP)",SE.XPD.TOTL.GD.ZS,..,..,..,..,..,..,..,..,..,..,..,..,3.21737003326416,2.71114993095398,2.67375993728638,2.51668000221252,3.25500988960266,5.05394983291626,..,3.97032999992371,3.35711002349854,2.87990999221802,2.32178997993469,1.98900997638702,2.20451998710632,2.07146000862122,..,..,..,..,..,..,..,1.7754499912262,..,..,..,1.53846001625061,1.58879005908966,2.40500998497009,2.4386899471283,2.707200050354,2.23179006576538,2.61094999313354,2.81261992454529,3.3096399307251,2.83097004890442,2.90274000167847,2.55433988571167,2.82512998580933,2.58500003814697,2.38168001174927,2.34067010879517,1.77693998813629,2.3812301158905,2.21011996269226,2.68719005584717,2.70099997520447,2.84409999847412,3.01300001144409,3.25399994850159,3.19799995422363,3.13899993896484,..
Madagascar,MDG,"School enrollment, secondary (% net)",SE.SEC.NENR,..,..,..,..,..,..,..,..,..,..,..,..,..,..,..,..,..,..,..,..,..,..,..,..,..,..,..,..,..,..,..,..,..,..,..,..,..,..,..,..,..,..,..,..,..,17.29953,..,21.80847,23.29579,24.93753,..,29.93668,30.99363,..,31.01487,30.28786,30.14792,29.12022,29.84739,..,..,..,..,..
Madagascar,MDG,"Literacy rate, adult total (% of people ages 15 and above)",SE.ADT.LITR.ZS,..,..,..,..,..,..,..,..,..,..,..,..,..,..,..,..,..,..,..,..,..,..,..,..,..,..,..,..,..,..,..,..,..,..,..,..,..,..,..,..,70.6861724853516,..,..,..,..,58.9359397888184,..,..,..,64.4809112548828,..,..,71.5726165771484,..,..,..,..,..,76.6796798706055,..,..,..,77.4800033569336,..
Malawi,MWI,"Inflation, consumer prices (annual %)",FP.CPI.TOTL.ZG,..,..,..,..,..,..,..,..,..,..,..,..,..,..,..,..,..,..,..,..,..,11.8146975500212,9.82116244432078,13.5025105170179,20.0263032042325,10.5189759937166,14.0468679587644,25.1550954282911,33.9121649354339,12.4463620502664,11.8235380454151,12.6153153828849,23.7513530230399,22.7727102336625,34.6496361508324,83.3257747543458,37.6020450235016,9.13735243003495,29.7486512828264,44.8041642861674,29.5814884631684,22.7,14.7446346101603,9.57679786919214,11.4298060822124,15.4103446604296,13.9742943548388,7.9522099086403,8.71260186609043,8.42204427696655,7.41159092883827,7.6228226284852,21.2712650013779,27.2833333333334,23.7920649469687,21.8673475542553,21.7111132136499,11.5433939188771,12.420178108921,9.3708360560567,8.62551469650552,9.33014410835212,20.953969729969,28.7897428247298
Malawi,MWI,"Unemployment, total (% of total labor force) (modeled ILO estimate)",SL.UEM.TOTL.ZS,..,..,..,..,..,..,..,..,..,..,..,..,..,..,..,..,..,..,..,..,..,..,..,..,..,..,..,..,..,..,..,4.876,5.036,4.967,5.333,4.884,4.929,4.69,4.915,4.993,5.034,5.202,5.229,5.151,4.958,4.931,4.95,4.876,4.801,4.74,4.787,4.835,4.951,4.978,4.966,4.95,5.003,5.033,5.003,4.949,5.681,5.585,5.051,5.044
Malawi,MWI,GDP growth (annual %),NY.GDP.MKTP.KD.ZG,..,7.63959785583216,0.668364743652972,-1.39107851799612,2.66110326795943,13.6164934204065,13.2490363223039,7.28154994343096,-1.92307916776325,5.88235989268109,0.479297977516111,16.2185636343893,6.23134901058889,2.30066157068862,7.17596361818245,6.08682380629382,4.99773124231615,4.91803136852805,9.74506803055189,4.39615373590301,0.406746412538325,-5.29011927674183,2.50345374980702,3.71870915086512,5.3603040260158,4.57098201313404,-0.2148024012658,1.62523929308691,3.17729140008163,1.34468950925077,5.69229463404044,8.73023176041228,-7.33297833468832,9.69184059289014,-10.2401817119272,16.7288173026491,7.31668178120226,3.79241909271188,3.89525350565094,3.04227813637046,1.57607762407666,-4.97496361701027,1.7000000294894,5.70563940662782,5.42049754887375,3.26872602144522,4.69999976528092,9.5999998762672,7.63973639933594,8.32810985214307,6.87406585401583,4.93266999845889,1.90000000072148,5.41034999949829,5.62526999979218,2.80000000125504,2.4999999990207,4.00000000038216,4.39168829609886,5.44818133617287,0.799998330902724,2.75140260887528,0.923449719368733,1.53964171231864
Malawi,MWI,"Government expenditure on education, total (% of GDP)",SE.XPD.TOTL.GD.ZS,..,..,..,..,..,..,..,..,..,..,..,..,..,..,..,..,..,..,..,..,..,..,..,..,..,..,2.19795989990234,2.42225003242493,2.17925000190735,2.18262004852295,2.24734997749329,..,..,..,..,2.75467991828918,3.69773006439209,..,..,3.43224000930786,3.60612988471985,3.09834003448486,..,2.20964002609253,..,..,..,..,..,..,2.43236994743347,2.85346007347107,2.52900004386902,3.72170996665955,3.32569003105164,3.85398006439209,3.28257989883423,2.76899003982544,3.32295989990234,..,..,..,..,..
Malawi,MWI,"School enrollment, secondary (% net)",SE.SEC.NENR,..,..,..,..,..,..,..,..,..,..,..,..,..,..,..,..,..,..,..,..,..,..,..,..,..,..,..,..,..,..,..,..,..,..,..,..,..,..,27.12398,29.88415,30.67589,27.60185,26.56347,..,24.15185,23.44309,24.89945,25.15857,27.30239,27.73351,29.12365,30.06088,30.4559,32.74037,33.54261,34.24597,32.95718,..,34.23885,..,..,..,..,..
Malawi,MWI,"Literacy rate, adult total (% of people ages 15 and above)",SE.ADT.LITR.ZS,..,..,..,..,..,..,..,..,..,..,..,..,..,..,..,..,..,..,..,..,..,..,..,..,..,..,..,48.5366516113281,..,..,..,..,..,..,..,..,..,..,64.1342468261719,..,..,..,..,..,..,..,..,..,..,..,61.3097190856934,..,..,..,65.1453704833984,62.1435394287109,..,..,..,..,..,..,68.0800018310547,..
Mali,MLI,"Inflation, consumer prices (annual %)",FP.CPI.TOTL.ZG,..,..,..,..,..,..,..,..,..,..,..,..,..,..,..,..,..,..,..,..,..,..,..,..,..,..,..,..,..,-0.076692997928865,0.606339703737522,1.80042722001854,-6.24250599520423,-0.263767884261804,23.1767911524285,13.4417696811974,6.80545996788235,-0.362999795946695,4.03658945954986,-1.20190368637502,-0.677661659046769,5.18701191944066,5.03282275711195,-1.34672619047621,-3.09978128063956,6.39788293897881,1.54352596927584,1.41200201714576,9.17098813667678,2.46375188572299,1.10892690670187,2.95564395229391,5.32312847064058,-0.606736356351471,0.883814547137841,1.45069057605961,-1.79964707083386,1.75985742927156,0.299546507387934,-1.65826694846365,0.438088940320668,3.92560283104276,9.62147608489072,2.05880228274214
Mali,MLI,"Unemployment, total (% of total labor force) (modeled ILO estimate)",SL.UEM.TOTL.ZS,..,..,..,..,..,..,..,..,..,..,..,..,..,..,..,..,..,..,..,..,..,..,..,..,..,..,..,..,..,..,..,1.317,1.408,1.342,1.444,1.394,1.35,1.34,1.269,1.287,1.347,1.264,1.297,1.206,1.36,1.325,1.384,1.366,1.394,1.398,1.382,1.408,1.49,1.54,1.492,1.406,1.367,1.494,1.62,2.414,3.528,2.29,3.09,3.008
Mali,MLI,GDP growth (annual %),NY.GDP.MKTP.KD.ZG,..,..,..,..,..,..,..,..,3.70841019648689,0.230999419524821,6.13695486255888,2.56899602355828,5.84401643095509,-1.45511580192979,-1.528826102384,11.625049137452,13.6234385336651,6.34864719393605,-1.46347633199167,10.3956772105957,-4.3258398689979,1.50880429685272,-7.37843304605821,1.82087377231504,-0.287011156196641,20.2866349407131,2.69262088094571,-0.139164289077982,7.38972104432425,4.17738810944253,-2.50239510347761,11.7452037933746,-3.21866249030752,3.17216817730322,3.77993405101067,0.921022397691601,7.05578540412266,4.82902433934804,7.57166763990284,5.70094365419142,-0.0608349718131223,15.3762394579174,3.10630825205686,9.1190419953243,1.55999866053489,6.53477877481288,4.66218687758322,3.49361681253744,4.77314508142975,4.80632226697864,5.31393527895875,3.21313378044307,-0.83673463153076,2.29506828962617,7.08468388056527,6.17180002424978,5.85229919941415,5.30545608438166,4.74648432724561,4.75616080770808,-1.235450447077,3.05261356942125,3.47495171106735,5.23657752778519
Mali,MLI,"Government expenditure on education, total (% of GDP)",SE.XPD.TOTL.GD.ZS,..,..,..,..,..,..,..,..,..,..,..,..,..,..,..,..,..,..,3.55959010124207,..,3.47065997123718,3.44794011116028,3.27885007858276,..,..,..,2.43536996841431,..,..,..,..,..,..,..,..,..,..,..,2.64959001541138,2.23183989524841,2.97156000137329,2.65844988822937,2.8962299823761,3.80559992790222,3.85922002792358,3.52218008041382,..,..,3.403559923172,3.86904001235962,3.34388995170593,3.75423002243042,3.47949004173279,3.28465008735657,3.64819002151489,3.80152010917664,3.09477996826172,3.78976988792419,3.55817008018494,3.55504989624023,3.95445990562439,4.36370992660522,4.03499984741211,..
Mali,MLI,"School enrollment, secondary (% net)",SE.SEC.NENR,..,..,..,..,..,..,..,..,..,..,..,3.57855,3.61288,4.00769,3.95896,..,..,..,..,..,..,..,..,..,..,..,..,..,..,..,..,5.54052,..,..,..,..,..,..,..,..,..,..,..,..,..,..,..,..,27.69524,28.78149,30.67392,31.98852,..,33.11983,35.01947,31.36945,32.53744,29.34611,29.92706,..,..,..,..,..
Mali,MLI,"Literacy rate, adult total (% of people ages 15 and above)",SE.ADT.LITR.ZS,..,..,..,..,..,..,..,..,..,..,..,..,..,..,..,..,9.43381023406982,..,..,..,..,..,..,..,..,..,..,..,..,..,..,..,..,..,..,..,..,..,19.0449695587158,..,..,..,..,24,..,..,26.176549911499,..,..,..,31.0997505187988,30.6186695098877,..,..,..,33.0688896179199,..,..,35.4737701416016,..,30.7614097595215,..,..,..
Mozambique,MOZ,"Inflation, consumer prices (annual %)",FP.CPI.TOTL.ZG,..,..,..,..,..,..,..,..,..,..,..,..,..,..,..,..,..,..,..,..,..,..,..,..,..,..,..,..,..,..,..,..,..,..,..,..,..,..,..,..,..,..,..,..,..,6.42755278070092,13.2450879070998,8.48948675497455,14.5028053002268,3.78861330914628,12.4255421735155,11.1666056127875,2.60245456956609,4.26135250941972,2.55974875844295,3.55075967356746,17.4180418197597,15.1132073899384,3.91133439990723,2.80270307928106,3.48393567493209,6.40847652975692,10.2794018093421,7.12697482131851
Mozambique,MOZ,"Unemployment, total (% of total labor force) (modeled ILO estimate)",SL.UEM.TOTL.ZS,..,..,..,..,..,..,..,..,..,..,..,..,..,..,..,..,..,..,..,..,..,..,..,..,..,..,..,..,..,..,..,2.825,2.996,2.872,2.856,2.755,2.752,2.7,2.646,2.675,2.831,2.84,2.906,2.869,2.958,3.029,3.027,3.065,3.095,3.182,3.24,3.279,3.305,3.338,3.378,3.426,3.48,3.543,3.602,3.632,3.877,3.984,3.621,3.535
Mozambique,MOZ,GDP growth (annual %),NY.GDP.MKTP.KD.ZG,..,..,..,..,..,..,..,..,..,..,..,..,..,..,..,..,..,..,..,..,..,5.0000029544301,-6.8999994422268,-15.7000020371153,-6.49999987936114,0.999996721096608,-2.29999602682005,14.7000004230398,8.19999517973046,6.50000455383241,0.999992834742287,4.92545125345025,-7.57664724880097,10.940435029728,6.44018369521994,2.12289380592357,10.6959109797718,11.8149459447588,10.3692324974977,11.816986527255,0.766234955773442,12.8516820207736,9.66850534669427,7.21770086569656,8.20470494788577,6.31202378023193,9.91067756782915,7.64935393795867,6.87802942560995,5.92897187460815,6.67972935662864,7.13405842300445,7.9945031610722,6.57141389665537,7.70256844839309,7.3930936986377,4.69699024225795,2.63820737310658,3.48493202378488,2.3178139469445,-1.21952250306097,2.37743573747173,4.35980020115213,5.00002417303148
Mozambique,MOZ,"Government expenditure on education, total (% of GDP)",SE.XPD.TOTL.GD.ZS,..,..,..,..,..,..,..,..,..,..,..,..,..,..,..,..,..,..,..,..,..,..,..,..,..,..,..,..,..,..,..,..,..,..,..,..,..,..,1.89967000484467,2.77801990509033,..,..,..,..,3.32669997215271,4.00578022003174,3.87146997451782,..,..,..,5.39099979400635,5.62200021743774,5.67216014862061,6.1153302192688,6.49399995803833,6.01100015640259,5.86503982543945,5.50555992126465,5.45218992233276,6.28599977493286,6.64300012588501,7.02799987792969,..,..
Mozambique,MOZ,"School enrollment, secondary (% net)",SE.SEC.NENR,..,..,..,..,..,..,..,..,..,..,..,..,..,..,..,..,..,..,..,..,..,..,..,..,..,..,..,..,..,..,..,..,6.54573,6.5713,6.37535,6.63792,..,..,..,2.76722,3.27968,3.51725,4.36667,..,4.13627,7.07607,8.96287,10.58298,12.21686,14.57866,15.97046,17.0661,17.45519,19.89826,20.22234,19.27829,..,..,..,..,..,..,..,..
Mozambique,MOZ,"Literacy rate, adult total (% of people ages 15 and above)",SE.ADT.LITR.ZS,..,..,..,..,..,..,..,..,..,..,..,..,..,..,..,..,..,..,..,..,26.997709274292,..,..,..,..,..,..,..,..,..,..,..,..,..,..,..,..,38.707878112793,..,..,..,..,..,48.1588401794434,..,..,..,..,..,50.5838088989258,..,..,..,..,..,56.0390014648438,..,60.6554298400879,..,..,59.7796096801758,..,..,..
Niger,NER,"Inflation, consumer prices (annual %)",FP.CPI.TOTL.ZG,..,..,..,..,1.00401606426671,4.37375745630592,10.5714285704761,0.430663221364437,-2.92309891297475,10.6456600158434,1.11783884490559,4.19161676648677,9.75116837202703,11.7850155367474,3.39750849373326,9.11580205137059,23.5296801569284,23.251089606333,10.0932002756994,7.26787707223357,10.3052757124046,22.9134075641635,11.6418357416785,-2.48960568671488,8.36442411829966,-0.923399123994835,-3.20757134165685,-6.71210892901195,-1.39396304047091,-2.84352517985621,-0.775653010977466,-7.79664179104468,-4.47561790247178,-1.21503496503494,36.0410583134241,10.5632886691814,5.28885751264882,2.93345253394422,4.5480157771872,-2.30212503849648,2.90014973599108,4.00551428352678,2.62886597938136,-1.61440769175596,0.262543757292838,7.7974978178644,0.0404858299595074,0.0539592607581562,11.3051098827019,0.582906590801132,0.804073080882638,2.94238514013311,0.45508982035929,2.29723114955327,-0.930287259984466,-0.576090369833189,1.65388922387806,2.79637318871275,2.96760366004456,-2.48979265070846,2.8981937602627,3.83786802840501,4.22621791916393,3.70097316425842
Niger,NER,"Unemployment, total (% of total labor force) (modeled ILO estimate)",SL.UEM.TOTL.ZS,..,..,..,..,..,..,..,..,..,..,..,..,..,..,..,..,..,..,..,..,..,..,..,..,..,..,..,..,..,..,..,1.578,1.56,1.532,1.493,1.486,1.49,1.496,1.378,1.383,1.426,1.47,1.807,2.146,2.748,3.1,2.532,2.027,1.59,1.212,0.721,0.317,2.177,1.4,0.524,0.558,0.555,0.564,0.546,0.544,0.62,0.819,0.552,0.55
Niger,NER,GDP growth (annual %),NY.GDP.MKTP.KD.ZG,..,4.54639303660171,10.2787134988997,9.42822932000833,0.131039891085265,6.91976181761041,-0.382497199220253,0.122868671816278,0.383494663073563,-5.48594581331632,3.05577892202147,5.67932064048375,-5.16627230276923,-17.047583571921,8.77523804936311,-2.79319343599114,0.678203402307915,7.76458111935993,13.4726123301411,7.14699607024475,-2.45503612857507,-0.177666071226056,2.17446021973329,-3.86362790714153,-16.8198351136637,7.71812745021188,6.35213730291468,0.0882813597233394,6.87115013671369,0.957045972548471,-1.30847828481959,-0.43948910045782,2.00075236142851,0.321655474432788,1.85477879101168,2.4572441223155,0.100530504281409,1.52747571050666,9.97261495642444,-0.2195625179166,-1.20847774100575,7.26813490213235,4.91847057594622,2.1706103837418,0.363801578722132,7.33186884258517,5.93104997350342,3.14272408386731,7.73141422777337,1.96260090694645,8.57816674262253,2.35775693603874,10.5489445763446,5.31513063394726,6.64213665495603,4.39264883207291,5.74089315058157,5.00536078615544,7.21141802762897,5.93985257123522,3.55064109436891,1.38359636198477,11.9000000000277,2.49999999999999
Niger,NER,"Government expenditure on education, total (% of GDP)",SE.XPD.TOTL.GD.ZS,..,..,..,..,..,..,..,..,..,..,..,1.0522700548172,..,..,..,..,..,..,..,..,..,..,..,..,..,..,..,..,..,..,2.07436990737915,2.30833005905151,2.24298000335693,2.06511998176575,2.26538991928101,2.32975006103516,2.14418005943298,..,..,2.56853008270264,2.5650200843811,2.27981996536255,2.40134000778198,1.93705999851227,..,..,2.55852007865906,3.01462006568909,2.72311997413635,3.33588004112244,2.7219500541687,3.07762002944946,3.1868200302124,3.68952989578247,5.10368013381958,4.48669004440308,2.95843005180359,2.57818007469177,3.457279920578,3.52600002288818,3.81900000572205,3.82200002670288,4.10099983215332,..
Niger,NER,"School enrollment, secondary (% net)",SE.SEC.NENR,..,..,..,..,..,..,..,..,..,..,..,..,..,..,1.39895,..,1.68804,2.11378,2.53561,3.06804,..,3.50079,..,..,..,..,..,..,..,..,5.36037,5.78795,..,..,..,..,..,5.4615,..,5.38559,..,5.28282,5.50642,6.13784,7.51201,8.52719,..,8.86268,9.46457,9.59377,10.86772,11.53509,..,..,15.15304,16.63379,..,20.06691,..,..,..,..,..,..
Niger,NER,"Literacy rate, adult total (% of people ages 15 and above)",SE.ADT.LITR.ZS,..,..,..,..,..,..,..,..,..,..,..,..,..,..,..,..,..,..,..,..,..,..,..,..,..,..,..,..,..,..,..,..,..,..,..,..,..,..,..,..,..,14.3760404586792,..,..,..,28.672420501709,..,..,..,..,..,..,30.5603904724121,..,..,..,..,..,..,..,..,..,38.0999984741211,..
Rwanda,RWA,"Inflation, consumer prices (annual %)",FP.CPI.TOTL.ZG,..,..,..,..,..,..,..,1.45292730022852,3.16193697269933,0.484939553317571,0.514885808022463,0.488580074222891,3.092193808935,9.3736740756774,31.0882993654484,30.2260465749065,7.1658615138318,13.6551465066428,13.2705337973878,15.6733294423726,7.24939299325274,6.4506644718119,12.5651365334134,6.59300214307078,5.36957038827376,1.75933005651688,-1.11706657280676,4.13301490809125,2.97864355658034,1.01027824831114,4.18576372649948,19.6371658148373,9.56041187600816,12.3543887630448,..,..,7.41137173526642,12.0154225195686,6.2100670945581,-2.40593209742259,3.89952980284712,3.34285506749409,1.99258542453993,7.44970014007366,12.2507102894391,9.01408918092339,8.88282654777923,9.08072205873158,15.4382138709255,12.9443978401712,-0.246128693436934,3.0801706924026,10.2710182318876,5.92426867984854,2.35449052820358,2.52850284192421,7.17434301982009,8.27953672260832,-0.311210160390699,3.34787655037648,9.85039902274207,-0.391346748300791,17.6892095588154,19.7895467464669
Rwanda,RWA,"Unemployment, total (% of total labor force) (modeled ILO estimate)",SL.UEM.TOTL.ZS,..,..,..,..,..,..,..,..,..,..,..,..,..,..,..,..,..,..,..,..,..,..,..,..,..,..,..,..,..,..,..,12.304,12.118,12.167,12.287,12.094,11.696,11.31,11.438,11.711,11.805,11.828,11.557,11.751,11.78,11.901,11.669,11.661,11.601,11.694,11.7,11.801,11.72,11.802,11.858,11.849,11.805,11.875,10.759,11.236,11.829,15.793,15.085,14.932
Rwanda,RWA,GDP growth (annual %),NY.GDP.MKTP.KD.ZG,..,-4.2975260471688,11.3337983683921,-9.82044441326354,-12.4649926826697,7.00952925506127,7.00891082275257,6.91601751004301,7.01378092758229,11.0073701491,6.00142524653651,1.20664070133141,0.26306826674552,3.43808814067094,1.40982357368526,-2.1138254244176,19.5045771725012,1.99410948121891,9.15084081573919,11.869908038006,8.95161232957611,5.43619947874051,1.81084644724523,5.98034993446139,-4.24077327759201,4.40274833266014,5.47213748769637,-0.0240361088514192,4.49882499325547,-0.0365342731905969,-2.39929109757919,-2.51437965268912,5.87272524164308,-8.10869188163937,-50.2480671067105,35.2240783132898,12.7456957661744,13.8497524835684,8.8586694922997,4.35188832339955,8.3708851319076,8.48455779934183,13.1920719872189,2.20240814177109,7.44767956797858,9.37788952445548,9.22706782580049,7.63328434196235,11.161263870131,6.24826524602575,7.33465478667033,7.95838541860303,8.64150670706853,4.71984883125351,6.16716027348659,8.85686468710109,5.97074118840038,3.9181656502967,8.51646830600681,9.44739158975898,-3.37369377003786,10.8579671876279,8.15773440296567,8.24128696506683
Rwanda,RWA,"Government expenditure on education, total (% of GDP)",SE.XPD.TOTL.GD.ZS,..,..,..,..,..,..,..,..,..,..,..,..,..,..,..,..,..,2.15020990371704,2.23247003555298,2.44127988815308,2.66633009910583,4.39297008514404,..,..,..,..,..,3.50577998161316,3.33534002304077,3.7466299533844,..,..,..,..,..,..,..,..,..,3.85813999176025,3.43430995941162,4.82515001296997,..,..,..,..,..,3.98514008522034,3.50219011306763,..,4.6313099861145,4.38350009918213,4.42103004455566,4.74213981628418,4.19639015197754,3.64708995819092,3.43478989601135,3.12472009658813,3.07375001907349,3.23900008201599,3.33400011062622,5.59065008163452,4.75224018096924,4.14499998092651
Rwanda,RWA,"School enrollment, secondary (% net)",SE.SEC.NENR,..,..,..,..,..,..,..,..,..,..,..,..,..,..,..,..,..,..,..,..,..,..,..,..,..,..,..,..,..,..,..,..,..,..,..,..,..,..,..,..,..,..,..,..,..,..,..,..,..,..,..,..,..,..,..,28.1042,28.13633,..,35.87144,..,..,..,..,..
Rwanda,RWA,"Literacy rate, adult total (% of people ages 15 and above)",SE.ADT.LITR.ZS,..,..,..,..,..,..,..,..,..,..,..,..,..,..,..,..,..,..,38.2434310913086,..,..,..,..,..,..,..,..,..,..,..,..,57.8534889221191,..,..,..,..,..,..,..,..,64.8886032104492,..,..,..,..,..,..,..,..,..,65.8522720336914,..,..,..,70.8041305541992,..,..,..,73.2155914306641,..,..,..,78.76318359375,..
Sierra Leone,SLE,"Inflation, consumer prices (annual %)",FP.CPI.TOTL.ZG,..,..,..,..,..,..,..,..,..,..,..,..,..,..,..,..,..,..,..,..,..,..,..,..,..,..,..,..,..,..,..,..,..,..,..,..,..,..,..,..,..,..,..,..,..,..,..,11.6499744518106,8.21112432289608,7.46901898540982,7.18566275668163,6.79138291952621,6.58776239392585,5.52412877994266,4.63931171409667,6.68943562498681,10.8860609413903,18.2215094003386,16.0295447693699,14.8049990906021,13.4468711101052,11.8739588840234,27.2082883814653,47.6428733253179
Sierra Leone,SLE,"Unemployment, total (% of total labor force) (modeled ILO estimate)",SL.UEM.TOTL.ZS,..,..,..,..,..,..,..,..,..,..,..,..,..,..,..,..,..,..,..,..,..,..,..,..,..,..,..,..,..,..,..,4.056,4.248,4.27,4.316,4.21,4.21,4.251,4.159,4.198,4.081,4.161,3.901,3.879,3.42,3.724,3.9,4.018,4.14,4.282,4.427,4.554,4.56,4.538,4.678,4.621,4.312,3.848,3.193,3.204,3.485,3.516,3.194,3.174
Sierra Leone,SLE,GDP growth (annual %),NY.GDP.MKTP.KD.ZG,..,1.80904355005759,4.54096706427617,1.69971517292269,6.68523879052584,7.18015579152504,1.69999999800818,0.0362815533206913,2.0199238329879,8.52544680169767,8.62049323971699,3.46591649227686,0.900234650271543,2.25661824987262,3.49982832003155,1.66921652386662,-0.449176341532421,0.0466758098407638,2.40633216619921,4.51126560748069,4.84350375629161,2.88142856501712,4.78175553465481,-2.10280161742811,4.09303426698,-5.31134049847661,1.23604691069114,7.23126873133926,-7.07999999952222,0.729999998695902,3.34999798387716,2.35196140904861,-19.0129099070927,1.37455009086389,-1.94738512864762,-7.99975232656381,1.75382010464673,-5.87708078884501,1.78501279504479,-1.97928687397459,6.6527296593931,-6.34545540326558,26.5241348883313,9.48363148565836,6.47884601647948,4.35349994988402,4.28311044472468,7.97656533438349,5.43589304424921,3.20943156226375,6.63749245827168,6.00983104607886,15.2017482734639,21.0790141636427,4.55925353270443,-20.4910741068,6.34672785193587,3.75380321400363,3.47290262012461,5.25374631307365,-1.96848689118619,4.10470008884118,3.45753985565149,3.43082135607435
Sierra Leone,SLE,"Government expenditure on education, total (% of GDP)",SE.XPD.TOTL.GD.ZS,..,..,..,..,..,..,..,..,..,..,..,..,..,..,..,..,..,..,..,..,..,..,..,..,..,..,..,..,..,..,..,..,..,..,..,..,..,..,..,..,4.94936990737915,3.48251008987427,3.59434008598328,3.29900002479553,3.14692997932434,2.8372700214386,..,2.5967800617218,2.4658899307251,2.8182098865509,2.58851003646851,2.6782500743866,2.88159990310669,2.37981009483337,2.66290998458862,3.21799993515015,2.91133999824524,4.66086006164551,6.98963022232056,7.4470100402832,8.80955028533936,9.44223976135254,8.8063497543335,..
Sierra Leone,SLE,"School enrollment, secondary (% net)",SE.SEC.NENR,..,..,..,..,..,..,..,..,..,..,..,..,..,..,..,..,..,..,..,..,..,..,..,..,..,..,..,..,..,..,..,..,..,..,..,..,..,..,..,..,..,..,..,..,..,..,..,..,..,..,..,..,..,33.40844,..,32.50901,..,38.33144,41.76675,..,..,..,..,..
Sierra Leone,SLE,"Literacy rate, adult total (% of people ages 15 and above)",SE.ADT.LITR.ZS,..,..,..,..,..,..,..,..,..,..,..,..,..,..,..,..,..,..,..,..,..,..,..,..,..,..,..,..,..,..,..,..,..,..,..,..,..,..,..,..,..,..,..,..,34.826789855957,..,..,..,..,..,..,..,..,32.4261703491211,..,..,..,..,..,..,..,..,48.6399993896484,..
Somalia,SOM,"Inflation, consumer prices (annual %)",FP.CPI.TOTL.ZG,..,..,..,..,..,..,..,..,..,..,..,..,..,..,..,..,..,..,..,..,..,..,..,..,..,..,..,..,..,..,..,..,..,..,..,..,..,..,..,..,..,..,..,..,..,..,..,..,..,..,..,..,..,..,..,..,..,..,..,..,..,..,..,..
Somalia,SOM,"Unemployment, total (% of total labor force) (modeled ILO estimate)",SL.UEM.TOTL.ZS,..,..,..,..,..,..,..,..,..,..,..,..,..,..,..,..,..,..,..,..,..,..,..,..,..,..,..,..,..,..,..,19.037,19.247,19.208,19.686,19.477,19.394,19.033,18.947,18.951,18.781,18.883,18.893,18.914,18.846,18.873,18.9,18.834,18.88,18.926,18.973,19.021,19.078,18.995,18.847,18.444,18.372,18.545,18.783,18.828,19.35,19.553,19.128,19.027
Somalia,SOM,GDP growth (annual %),NY.GDP.MKTP.KD.ZG,..,-3.26198120234093,7.07665543416877,2.80880257009395,-6.11062333034253,-5.94368149253896,9.09865470772147,5.94094361661371,2.02997732483637,-1.69956971733191,4.58140792145096,2.13836477986698,14.8809523809557,-12.1493657316414,0.75249135652227,14.6951958013711,-1.84794086589453,13.6453290299399,5.79941860465748,-4.98694875669818,1.79294389820693,6.26420454545227,2.76700975805331,-11.5764828303831,3.2656663724599,9.52991452991381,-2.14592274677896,10.0877192982452,3.41524772059689,3.80766467032947,2.3269304857609,2.95057084437038,-8.48832348124395,3.99059641871902,-17.8469894883108,3.99059641871986,8.04601505005682,1.18049184646434,6.58649325343141,7.31829550411615,7.11031431127893,7.11031431127722,7.63026729337277,7.63026729337453,7.11031431127405,7.11031431127773,6.48637073276652,6.69435192560654,6.69435192560192,6.69435192560508,6.69435192560412,6.69435192560246,6.69435192560184,-2.70858651313684,7.52639161132382,9.94679997938034,6.41857060528166,9.50728660651559,2.98901563159195,3.63039688238011,-2.56308758042714,3.31098923423325,2.43806527721611,3.1029619961507
Somalia,SOM,"Government expenditure on education, total (% of GDP)",SE.XPD.TOTL.GD.ZS,..,..,..,..,..,..,..,..,..,..,..,..,1.18468999862671,1.27727997303009,..,..,..,..,..,..,..,..,..,..,..,..,..,..,..,..,..,..,..,..,..,..,..,..,..,..,..,..,..,..,..,..,..,..,..,..,..,..,..,..,..,..,..,0.127174034714699,0.234450966119766,0.270661741495132,..,..,..,..
Somalia,SOM,"School enrollment, secondary (% net)",SE.SEC.NENR,..,..,..,..,..,..,..,..,..,..,..,..,..,..,..,..,..,0.09823,0.13046,0.22969,0.21503,..,..,..,..,..,..,..,..,..,..,..,..,..,..,..,..,..,..,..,..,..,..,..,..,..,..,..,..,..,..,..,..,..,..,..,..,..,..,..,..,..,..,..
Somalia,SOM,"Literacy rate, adult total (% of people ages 15 and above)",SE.ADT.LITR.ZS,..,..,..,..,..,..,..,..,..,..,..,..,5.40465021133423,..,..,..,..,..,..,..,..,..,..,..,..,..,..,..,..,..,..,..,..,..,..,..,..,..,..,..,..,..,..,..,..,..,..,..,..,..,..,..,..,..,..,..,..,..,..,..,..,..,41.0250015258789,..
South Sudan,SSD,"Inflation, consumer prices (annual %)",FP.CPI.TOTL.ZG,..,..,..,..,..,..,..,..,..,..,..,..,..,..,..,..,..,..,..,..,..,..,..,..,..,..,..,..,..,..,..,..,..,..,..,..,..,..,..,..,..,..,..,..,..,..,..,..,..,5.00627361534043,1.16962180301106,46.8521757193597,45.5258978371706,-0.0580909784225664,1.67429906295525,52.7663304192142,379.999585624026,187.851630279442,83.5015294921999,87.2413641500033,29.6758435538571,10.5167158294359,-6.68732094212672,2.38280434813759
South Sudan,SSD,"Unemployment, total (% of total labor force) (modeled ILO estimate)",SL.UEM.TOTL.ZS,..,..,..,..,..,..,..,..,..,..,..,..,..,..,..,..,..,..,..,..,..,..,..,..,..,..,..,..,..,..,..,12.203,12.267,12.102,12.224,12.238,12.217,11.909,11.939,11.989,12.205,12.166,12.116,12.118,12.142,12.145,12.137,12.121,12.15,12.319,12.35,12.48,12.754,12.578,12.462,12.355,12.876,13.079,12.918,12.642,14.204,13.868,12.395,12.271
South Sudan,SSD,GDP growth (annual %),NY.GDP.MKTP.KD.ZG,..,..,..,..,..,..,..,..,..,..,..,..,..,..,..,..,..,..,..,..,..,..,..,..,..,..,..,..,..,..,..,..,..,..,..,..,..,..,..,..,..,..,..,..,..,..,..,..,..,5.04164187983342,5.49341639529945,-4.64031673600859,-46.0821223743007,13.1297311406943,3.37364847715736,-10.7933646271143,..,..,..,..,..,..,..,..
South Sudan,SSD,"Government expenditure on education, total (% of GDP)",SE.XPD.TOTL.GD.ZS,..,..,..,..,..,..,..,..,..,..,..,..,..,..,..,..,..,..,..,..,..,..,..,..,..,..,..,..,..,..,..,..,..,..,..,..,..,..,..,..,..,..,..,..,..,..,..,..,..,..,..,0.962890028953552,..,1.02450001239777,1.23246002197266,1.46555995941162,..,..,..,..,..,..,..,..
South Sudan,SSD,"School enrollment, secondary (% net)",SE.SEC.NENR,..,..,..,..,..,..,..,..,..,..,..,..,..,..,..,..,..,..,..,..,..,..,..,..,..,..,..,..,..,..,..,..,..,..,..,..,..,..,..,..,..,..,..,..,..,..,..,..,..,..,..,5.0784,..,..,..,5.48403,..,..,..,..,..,..,..,..
South Sudan,SSD,"Literacy rate, adult total (% of people ages 15 and above)",SE.ADT.LITR.ZS,..,..,..,..,..,..,..,..,..,..,..,..,..,..,..,..,..,..,..,..,..,..,..,..,..,..,..,..,..,..,..,..,..,..,..,..,..,..,..,..,..,..,..,..,..,..,..,..,26.8312797546387,..,..,..,..,..,..,..,..,..,34.5227584838867,..,..,..,..,..
Sudan,SDN,"Inflation, consumer prices (annual %)",FP.CPI.TOTL.ZG,0.092240285829437,8.76051146191632,1.66287136567997,4.68823253646181,3.95083843356371,-2.44602939056201,1.71246319927017,11.0135558877735,-10.0338953589389,12.606868569676,4.02779565047173,1.30366900859353,13.5547507128621,15.2890879478773,26.1581023014198,23.9630476370738,1.67488426358217,17.0763307914922,19.2304044013514,31.138455010753,25.3523690119419,24.5757243336576,25.7128797492595,30.5877747791383,34.14634146336,45.40750323421,24.453490125132,20.557237745391,64.7005631001051,66.7203219315898,65.1580979966203,123.578126902936,117.624468896394,101.380423763812,115.398144292738,68.3751929485422,132.823777374139,47.1685369647197,24.6218785461586,17.1664454201761,7.12125897172291,1.93529572095333,22.2247241495905,6.48943208673338,9.65754628605945,8.50585075933117,7.19912990114709,14.7542770780084,14.2971224481434,11.256758706301,12.9776663898014,18.0966171221351,35.5590574147024,36.5223449139154,36.9066427863595,16.9095706050977,17.750253831196,32.3516260968437,63.2925073455888,50.9940515002965,163.257782355458,359.093040778999,138.80846024176,..
Sudan,SDN,"Unemployment, total (% of total labor force) (modeled ILO estimate)",SL.UEM.TOTL.ZS,..,..,..,..,..,..,..,..,..,..,..,..,..,..,..,..,..,..,..,..,..,..,..,..,..,..,..,..,..,..,..,14.899,14.971,14.803,14.923,14.931,14.902,14.577,14.603,14.651,14.869,14.825,14.767,14.766,14.788,14.791,14.783,14.769,14.8,13,15.156,17.44,17.068,16.414,15.558,14.512,13.812,13.206,12.605,12.014,12.368,11.466,7.53,11.449
Sudan,SDN,GDP growth (annual %),NY.GDP.MKTP.KD.ZG,..,0.0223913336718056,6.91584215438297,-2.84697168071524,-1.1204491178589,6.77707407266965,-3.57514748496723,1.42408128297886,1.96322082306004,1.38935049050187,5.92507471604789,2.24731409977321,-5.0709864790971,0.632195249838389,11.4452891421568,15.7134664503164,16.6652197362105,6.22385378195638,-5.9309867214476,-5.01859932953688,1.52431014779975,7.43756365612805,5.95866643257293,2.0625016947758,-5.0089067687659,-6.28104358075066,5.41381101190019,14.2208845980014,-0.331091818439447,8.93139368787767,-5.47005377640816,7.51091035366538,6.57786138499603,4.56874918954713,1.00622924788334,5.99709226051246,5.9191237633176,18.3126571850273,4.30850425525036,3.10409561549652,6.34586743997545,6.50036053396883,6.0064715363132,6.28880816146516,5.14088851762675,5.64351551343631,6.5314117467792,5.73527423664484,3.84674473121058,-2.76770436599138,3.85824195230107,-3.21353209253371,-17.0046884048945,1.95514463302422,4.66137954229873,1.91017689052751,3.46764218409288,0.70925628476644,-2.6809305497999,-2.17825104530091,-3.62980082410752,-1.8685204827207,-0.957816591119183,-12.0467791968043
Sudan,SDN,"Government expenditure on education, total (% of GDP)",SE.XPD.TOTL.GD.ZS,..,..,..,..,..,..,..,..,..,..,..,..,..,..,..,..,..,..,..,..,..,..,..,..,..,..,..,..,..,..,..,..,..,..,..,..,..,..,..,..,1.01217997074127,..,1.16425001621246,..,1.31254994869232,1.17842996120453,1.55353999137878,..,1.85150003433228,2.02213001251221,..,..,..,..,..,..,..,..,..,..,..,..,..,..
Sudan,SDN,"School enrollment, secondary (% net)",SE.SEC.NENR,..,..,..,..,..,..,..,..,..,..,..,..,..,..,..,..,..,..,..,..,..,..,..,..,..,..,..,..,..,..,..,..,..,..,..,..,..,..,..,..,..,..,..,..,..,..,..,..,..,..,..,31.4995,..,..,..,..,..,..,..,..,..,..,..,..
Sudan,SDN,"Literacy rate, adult total (% of people ages 15 and above)",SE.ADT.LITR.ZS,..,..,..,..,..,..,..,..,..,..,..,..,..,..,..,..,..,..,..,..,..,..,..,..,..,..,..,..,..,..,..,..,..,..,..,..,..,..,..,..,61.3458709716797,..,..,..,..,..,..,..,53.5173797607422,..,..,..,..,..,..,..,..,..,60.6971817016602,..,..,..,..,..
Syrian Arab Republic,SYR,"Inflation, consumer prices (annual %)",FP.CPI.TOTL.ZG,5.11890951276099,1.95889088150075,-3.8461538461533,1.91666666666659,5.39656582175021,-3.87897595034945,3.79338175948378,6.45412130637526,2.84879474068662,-1.98863636363599,4.63768115941983,5.6094182825485,2.09836065573833,20.3596660244059,15.5282817502668,11.4649681528663,11.4285714285715,11.9658119658116,4.80916030534371,4.55207574654038,19.2964123998608,18.3941605839417,14.3033292231811,6.1272923408846,9.22951819475499,17.2529313232832,36.0634920634916,59.4843677088198,34.562211981567,11.3992172211349,19.3968672229543,9.00000000000003,11.0091743119265,13.2231404958679,15.3284671532846,7.97995780590686,8.2498900991551,1.88611136179086,-0.797165633303916,-3.70370370370365,-3.84615384615379,2.99999999999995,-0.130505282417402,5.79682944905841,4.43314136719839,7.24034939348533,10.0241105377571,3.90770950443613,15.7453252219709,2.92089711805361,4.39741383150071,4.7531638888566,36.7022953364135,..,..,..,..,..,..,..,..,..,..,..
Syrian Arab Republic,SYR,"Unemployment, total (% of total labor force) (modeled ILO estimate)",SL.UEM.TOTL.ZS,..,..,..,..,..,..,..,..,..,..,..,..,..,..,..,..,..,..,..,..,..,..,..,..,..,..,..,..,..,..,..,6.75,6.955,7.4,7.5,7.2,7.225,7.314,7.382,7.6,9.589,11.63,10.94,10.28,9.518,8.816,8.17,8.42,10.94,8.14,8.61,8.612,13.8,14.479,14.768,14.29,13.867,13.67,13.554,13.393,15.176,14.796,13.813,13.544
Syrian Arab Republic,SYR,GDP growth (annual %),NY.GDP.MKTP.KD.ZG,..,10.8330639000002,24.5212971717849,-8.6527466722076,9.2713638022407,2.29937387537676,-7.65906551020211,8.25768264705083,3.72908022105565,18.7679152118321,-1.79685287528201,8.95581456274421,25.6607151992633,-10.4698549438381,25.7957728545964,16.3515760555234,12.2544466019418,-1.79951787755418,9.94259012392304,0.887988823235375,14.5081169532396,7.75534386462431,2.78908664825673,2.32033993721339,-7.61063021187196,9.3508073317891,-7.95292895543678,1.68228234551005,18.0111401002195,-13.6472821767151,3.73955590233751,7.66646818712442,12.972790068566,6.15089557310075,7.21302920527431,7.02658954303115,9.82556940470964,5.0238045081104,6.78530452433867,-3.55344987109004,0.675642589410501,1.04728710191981,3.95483192702744,7.20443505274413,6.90295943489203,6.21507783539282,5.04619555585526,5.67459177685805,4.47667273608019,5.91204279337705,5.19190584075331,2.8500028435797,-26.3390170772532,-26.3000876615061,-10.310339909053,-4.179791613232,-6.4055907393619,-0.723281777470547,1.39317607830837,1.22070522070523,-0.182330467026262,1.29973808951831,..,..
Syrian Arab Republic,SYR,"Government expenditure on education, total (% of GDP)",SE.XPD.TOTL.GD.ZS,..,..,..,..,..,..,..,..,..,..,..,..,3.5835599899292,3.68990993499756,..,3.93450999259949,5.83145999908447,5.71441984176636,5.51425981521606,4.96616983413696,4.57553005218506,5.38392019271851,5.89761018753052,..,6.13389015197754,6.07004976272583,5.62294006347656,4.56184005737305,3.61585998535156,4.03414011001587,..,..,..,..,..,..,3.699049949646,..,..,..,..,4.54640007019043,5.26984977722168,6.48084020614624,5.37147998809814,..,5.27965021133423,4.86470985412598,4.59525012969971,5.13013982772827,..,..,..,..,..,..,..,..,..,..,..,..,..,..
Syrian Arab Republic,SYR,"School enrollment, secondary (% net)",SE.SEC.NENR,..,..,..,..,..,..,..,..,..,..,..,26.20454,..,35.44812,35.64222,36.104,38.50914,40.64411,41.45388,42.96459,42.38675,40.02883,..,..,..,..,..,..,..,..,..,..,..,..,..,38.13992,37.54465,37.4799,38.52008,38.49961,39.32775,40.96619,41.03979,57.42479,60.93327,64.02818,63.8259,65.38093,65.9656,66.07245,66.79607,68.82457,72.30405,48.50187,..,..,..,..,..,..,..,..,..,..
Syrian Arab Republic,SYR,"Literacy rate, adult total (% of people ages 15 and above)",SE.ADT.LITR.ZS,..,..,..,..,..,..,..,..,..,..,..,..,..,..,..,..,..,..,..,..,..,55.6544990539551,..,..,..,..,..,..,..,..,..,..,..,..,..,..,..,..,..,..,..,..,82.8882522583008,..,80.8445205688477,..,..,..,..,..,..,..,..,..,86.3000030517578,..,..,..,..,..,..,94.4191436767578,..,..
Togo,TGO,"Inflation, consumer prices (annual %)",FP.CPI.TOTL.ZG,..,..,..,..,..,..,..,-2.31884058067623,0.296735906036536,6.01577909270213,4.48062015465097,6.4920611363942,7.7266076782349,3.61531496573159,12.8319316906201,18.0121994976678,11.6407308106915,22.4570134066176,0.442773093953005,7.53925120772937,12.3068572123796,19.7165023624806,11.1296733281827,9.3554650798615,-3.52662871020549,-1.81441438232164,4.12461526367686,0.0540088504826715,-0.150910979934777,-0.839403116952551,1.01534150530809,0.387081797870731,1.39378663675941,-1.00688168855036,39.1627673796796,16.4335034524163,4.68749999999997,8.25082508250804,0.975338381088715,-0.0532136248824353,1.86260595463066,3.91959133653157,3.05981857535874,-0.930000884072201,0.393078681031619,6.7829289302831,2.22897779414036,0.945673271705144,8.6948281436391,3.71360592035802,1.44594517430866,3.56351472903954,2.57718174055848,1.82539475909171,0.19087507624975,2.58500390801595,1.28544847051417,-0.981889868943119,0.927755426457183,0.674652770077436,1.69928463299408,4.1862150652352,7.96757361617945,..
Togo,TGO,"Unemployment, total (% of total labor force) (modeled ILO estimate)",SL.UEM.TOTL.ZS,..,..,..,..,..,..,..,..,..,..,..,..,..,..,..,..,..,..,..,..,..,..,..,..,..,..,..,..,..,..,..,4.045,4.189,4.47,4.184,3.986,3.624,3.636,3.789,3.892,4.151,4.102,4.085,3.964,3.999,4.151,4.229,3.822,3.286,2.853,2.385,1.982,2.028,2.083,2.142,2.204,2.963,3.744,2.903,2.056,2.211,2.285,2.065,2.048
Togo,TGO,GDP growth (annual %),NY.GDP.MKTP.KD.ZG,..,12.1693173716542,3.77365283193656,4.99969427084747,14.286011263053,15.4597127062935,9.40871910066896,5.50037155766682,5.02369185248712,10.8308683441009,2.52430264528118,0,7.625157546845,3.83748400243071,4.83284911852404,2.44054118354124,-2.05152258712673,6.95908537296373,11.0454345073455,-5.16774264551974,14.5769561096499,-3.31518607756898,-3.58240254628461,-5.41400778466911,5.55555504116774,5.55555216353429,1.58650431458925,0.510162180652983,6.64236977031076,4.06002168354857,-0.243656134461673,-0.699967493778033,-3.98068681374534,-15.095827485872,14.9824143502391,7.84583231910383,8.83621163151392,14.3773775705837,-2.29987656784601,2.48175143584908,-0.783479606390131,0.823438748781101,3.82662257962301,6.72017142301175,-0.978665335392563,-4.6662993824191,2.65013209953131,-1.17512039095217,4.03564527277351,5.45382399431942,5.85435269284599,5.82325223894067,6.30269541987458,5.82426583399491,5.63324021651309,5.46803129300622,4.21489560918489,4.00813326162304,4.7950602703237,4.92292591685973,1.99215501870344,5.99087610392314,5.75954251521733,6.40792215636242
Togo,TGO,"Government expenditure on education, total (% of GDP)",SE.XPD.TOTL.GD.ZS,..,..,..,..,..,..,..,..,..,..,1.55550003051758,..,..,..,..,..,..,..,..,4.91503000259399,..,4.32848978042603,..,..,3.9690101146698,..,..,3.47160005569458,..,..,..,..,4.17620992660522,..,..,..,3.24700999259949,..,2.93192005157471,3.08017992973328,2.88529992103577,2.7720799446106,2.56633996963501,2.44759011268616,2.28831005096436,2.3252100944519,2.52774000167847,2.5833899974823,2.41757988929749,2.84629011154175,3.0144100189209,3.17111992835999,3.47275996208191,3.25525999069214,3.52083992958069,3.75931000709534,3.68649005889893,3.7605299949646,4.09168004989624,4.2020001411438,4.09100008010864,4.23099994659424,3.79800009727478,..
Togo,TGO,"School enrollment, secondary (% net)",SE.SEC.NENR,..,..,..,..,..,..,..,..,..,..,..,..,..,..,..,..,..,..,..,..,..,..,..,..,..,..,..,..,..,..,..,15.77007,..,..,..,..,..,..,..,20.27586,23.46562,..,..,..,..,..,..,..,..,..,..,..,..,..,..,..,..,41.01339,..,..,..,..,..,..
Togo,TGO,"Literacy rate, adult total (% of people ages 15 and above)",SE.ADT.LITR.ZS,..,..,..,..,..,..,..,..,..,..,..,..,..,..,..,..,..,..,..,..,..,..,..,..,..,..,..,..,..,..,..,..,..,..,..,..,..,..,..,..,53.1776008605957,..,..,..,..,..,56.888370513916,..,..,57.0933799743652,..,60.4099388122559,..,..,..,63.7456207275391,..,..,..,66.5370788574219,..,..,..,..
Uganda,UGA,"Inflation, consumer prices (annual %)",FP.CPI.TOTL.ZG,..,..,..,..,..,..,..,..,..,..,..,..,..,..,..,..,..,..,..,..,..,..,..,..,..,..,..,..,..,..,..,..,..,..,10.0367598792175,6.55014018970371,7.19164660433344,8.16902144106963,0.0688041719983172,5.77736898687895,3.39202158512998,1.86512524084773,-0.287508511765196,8.68047651566884,3.72128743978228,8.44872642299532,7.31067613561864,6.1385108328505,12.0508555482886,13.0172561889185,3.97655288478168,16.5643496174515,12.6790377224659,4.90520875694557,3.07570668958641,5.58968606251725,5.70637504616212,5.20971705914209,2.61601190952274,2.867588034469,3.31332289544502,2.20457204757414,7.1957888597581,5.35094804280395
Uganda,UGA,"Unemployment, total (% of total labor force) (modeled ILO estimate)",SL.UEM.TOTL.ZS,..,..,..,..,..,..,..,..,..,..,..,..,..,..,..,..,..,..,..,..,..,..,..,..,..,..,..,..,..,..,..,3.404,3.498,3.445,3.424,3.197,3.182,3.222,3.418,3.454,3.52,3.517,3.5,3.6,2.706,1.9,2.27,2.675,3.049,3.6,3.619,3.528,3.551,1.91,2.404,2.788,3.167,3.643,3.42,3.185,3.914,3.422,2.93,2.831
Uganda,UGA,GDP growth (annual %),NY.GDP.MKTP.KD.ZG,..,..,..,..,..,..,..,..,..,..,..,..,..,..,..,..,..,..,..,..,..,..,..,5.74455771307937,-0.344676680158472,-3.30638000677493,0.390086943062727,3.96190278946132,8.26707354577805,6.36194124395438,6.47414015255596,5.55409549507921,3.41835689468401,8.32629251939072,6.40363574007452,11.5232438119529,9.07211457909349,5.10000186476283,4.90526548451564,8.05394837724197,3.141907338187,5.18366112490236,8.73268576440127,6.47325867166543,6.80723334361883,6.33256511623156,10.7847443857453,8.41242596551071,8.70875190154499,6.80151734860395,5.63761163749757,9.3916554927176,3.83745560605229,3.58690582623025,5.10630732539796,5.18785986002466,4.78100029254482,3.13140551723596,6.30392378262997,6.43874503276439,2.95130642218098,3.53658034070898,4.58802192181773,5.23187410562045
Uganda,UGA,"Government expenditure on education, total (% of GDP)",SE.XPD.TOTL.GD.ZS,..,..,..,..,..,..,..,..,..,..,..,3.16105008125305,..,3.3502299785614,3.39091992378235,3.22102999687195,2.67658996582031,..,..,..,..,..,2.5155200958252,1.68909001350403,2.42835998535156,3.431960105896,..,..,5.10365009307861,..,..,..,..,..,..,..,..,..,..,..,2.461669921875,..,..,..,4.95237016677856,..,..,..,..,..,1.72739994525909,2.29890990257263,1.79746997356415,1.87114000320435,1.91472005844116,2.32152009010315,2.13789010047913,2.25363993644714,2.13052010536194,2.30800008773804,2.57200002670288,2.63599991798401,2.56100010871887,2.55200004577637
Uganda,UGA,"School enrollment, secondary (% net)",SE.SEC.NENR,..,..,..,..,..,..,..,..,..,..,..,..,..,..,..,..,..,..,..,..,..,..,..,..,..,..,..,..,..,..,..,..,..,..,..,..,..,..,..,..,..,..,16.33839,..,15.71306,..,..,19.94433,22.37343,..,..,..,..,..,..,..,..,..,..,..,..,..,..,..
Uganda,UGA,"Literacy rate, adult total (% of people ages 15 and above)",SE.ADT.LITR.ZS,..,..,..,..,..,..,..,..,..,..,..,..,..,..,..,..,..,..,..,..,..,..,..,..,..,..,..,..,..,..,..,56.1073799133301,..,..,..,..,..,..,..,..,..,..,68.1425094604492,..,..,..,71.3731384277344,..,..,..,73.2118835449219,..,70.1982192993164,..,..,..,..,..,76.5274963378906,..,..,..,80.5899963378906,..
"Yemen, Rep.",YEM,"Inflation, consumer prices (annual %)",FP.CPI.TOTL.ZG,..,..,..,..,..,..,..,..,..,..,..,..,..,..,..,..,..,..,..,..,..,..,..,..,..,..,..,..,..,..,..,36,29.4117647058824,35.7522980164491,49.3941553813254,55.0811068702292,30.7337332718043,2.17672667372646,5.9765085214186,8.66021949364346,4.58999999999981,11.9115912929855,12.2385339389711,10.8323607023242,12.5150951495207,11.8112639374949,10.8447986914257,7.9051177898873,18.9762574318076,5.40776098077522,11.1748338605044,19.5435617131144,9.88538714484871,10.9684421500198,8.10472583623915,..,..,..,..,..,..,..,..,..
"Yemen, Rep.",YEM,"Unemployment, total (% of total labor force) (modeled ILO estimate)",SL.UEM.TOTL.ZS,..,..,..,..,..,..,..,..,..,..,..,..,..,..,..,..,..,..,..,..,..,..,..,..,..,..,..,..,..,..,..,8.17,8.114,8.338,8.34,8.987,9.588,10.224,10.83,11.46,11.561,11.725,11.842,12.013,12.131,12.216,12.349,12.483,12.647,12.753,12.778,13.277,13.44,13.638,13.467,17.9,18.382,18.564,17.644,17.303,17.972,18.248,17.515,17.215
"Yemen, Rep.",YEM,GDP growth (annual %),NY.GDP.MKTP.KD.ZG,..,..,..,..,..,..,..,..,..,..,..,..,..,..,..,..,..,..,..,..,..,..,..,..,..,..,..,..,..,..,..,6.29349385992927,8.20759813722687,4.00196638126631,6.72194912231696,5.66937132228433,4.63496731668951,5.23111204040379,6.00669459871877,3.77553049612634,6.1819155928913,3.80364587188127,3.9352315052778,3.74739818489111,3.972696401183,5.59174807563268,3.17040935922364,3.33842795605096,3.64756947012633,3.86622951587742,7.70230703961865,-12.7148968954117,2.3929902093532,4.82351906650533,-0.188690232450909,-27.9945462536875,-9.37512381761694,-5.07179563883867,0.752447587579127,..,..,..,..,..
"Yemen, Rep.",YEM,"Government expenditure on education, total (% of GDP)",SE.XPD.TOTL.GD.ZS,..,..,..,..,..,..,..,..,..,..,..,..,..,..,..,..,..,..,..,..,..,..,..,..,..,..,..,..,..,..,..,..,..,..,..,..,..,..,..,..,9.64552021026611,9.23766040802002,..,..,..,5.15025568008423,5.14441585540771,5.82878255844116,5.15143013000488,5.91624307632446,4.3922233581543,5.04202699661255,5.46478986740112,..,..,..,..,..,..,..,..,..,..,..
"Yemen, Rep.",YEM,"School enrollment, secondary (% net)",SE.SEC.NENR,..,..,..,..,..,..,..,..,..,..,..,..,..,..,..,..,..,..,..,..,..,..,..,..,..,..,..,..,..,..,..,..,..,..,..,..,..,..,..,33.4825,..,..,..,..,..,..,..,..,..,..,39.72381,..,42.33233,43.7515,..,..,47.59088,..,..,..,..,..,..,..
"Yemen, Rep.",YEM,"Literacy rate, adult total (% of people ages 15 and above)",SE.ADT.LITR.ZS,..,..,..,..,..,..,..,..,..,..,..,..,..,..,..,..,..,..,..,..,..,..,..,..,..,..,..,..,..,..,..,..,..,..,37.0900001525879,..,..,..,..,..,..,..,..,..,54.0999984741211,..,..,..,..,..,..,..,..,..,..,..,..,..,..,..,..,..,..,..
,,,,,,,,,,,,,,,,,,,,,,,,,,,,,,,,,,,,,,,,,,,,,,,,,,,,,,,,,,,,,,,,,,,
,,,,,,,,,,,,,,,,,,,,,,,,,,,,,,,,,,,,,,,,,,,,,,,,,,,,,,,,,,,,,,,,,,,
,,,,,,,,,,,,,,,,,,,,,,,,,,,,,,,,,,,,,,,,,,,,,,,,,,,,,,,,,,,,,,,,,,,
Data from database: World Development Indicators,,,,,,,,,,,,,,,,,,,,,,,,,,,,,,,,,,,,,,,,,,,,,,,,,,,,,,,,,,,,,,,,,,,
Last Updated: 09/19/2024,,,,,,,,,,,,,,,,,,,,,,,,,,,,,,,,,,,,,,,,,,,,,,,,,,,,,,,,,,,,,,,,,,,
